Unnamed: 0;filename;DISORDER;core_All_Metals;core_Open_Metal_Sites;temperature_Celsius;time_h;Yield_Percent;metal_ele1;metal_os1;metal_ele2;metal_os2;metal_ele3;metal_os3;metal_ele4;metal_os4;metal_ele5;metal_os5;solvent1;solvent2;solvent3;solvent4;solvent5;additive1;additive2;additive3;additive4;additive5;other1;other2;other3;other4;other5;other6;other7;other8
0;OFODET_clean;;Mn;Mn;55;48;73;Mn;2;;;;;;;;;6228;174;962;;;313;;;;;;;;;;;;
1;XAVKIR_clean;;Cu;Cu;55;120;∼50.6;Cu;2;;;;;;;;;6228;962;;;;313;;;;;;;;;;;;
3;LATPIG_clean;;Zn; ;160;72;68;Zn;2;;;;;;;;;962;;;;;;;;;;;;;;;;;
4;MOYYIJ_clean;;Cu;Cu;60;48;80;Cu;2;;;;;;;;;6228;962;702;;;;;;;;;;;;;;;
5;OFOCUI_clean;;Cu;Cu;60;48;61;Cu;2;;;;;;;;;6228;702;962;;;944;;;;;;;;;;;;
6;ALATAK_clean;;Ca;Ca;60;72;;Ca;2;;;;;;;;;962;;;;;;;;;;;;;;;;;
7;RUFZID_clean;;Cu;Cu;60;72;;Cu;2;;;;;;;;;6228;887;962;;;;;;;;;;;;;;;
8;OPENUT_clean;;Eu;Eu;60;96;42;Eu;3;;;;;;;;;6228;962;;;;;;;;;;;;;;;;
9;INOVEN_clean;;Gd;Gd;60;168;45;Gd;3;;;;;;;;;702;6228;;;;;;;;;;;;;;;;
10;YEMJAC_clean;;Dy; ;60;168;76;Dy;3;;;;;;;;;6228;702;;;;944;8148;;;;;;;;;;;
11;QUQFIS_clean;;Zn;Zn;65;24;59.2;Zn;2;;;;;;;;;6228;887;962;;;;;;;;;;;;;;;
12;QUQFOY_clean;;Cd;Cd;65;24;57.2;Cd;2;;;;;;;;;6228;702;;;;;;;;;;;;;;;;
13;YUGLES_clean;;Cu;Cu;65;24;;Cu;2;;;;;;;;;6228;679;;;;944;;;;;;;;;;;;
14;EBUREA_clean;;Mn;Mn;65;48;20;Mn;2;;;;;;;;;962;;;;;14798;;;;;;;;;;;;
15;LIKGUJ_clean;;Cu;Cu;65;48;75;Cu;2;;;;;;;;;6228;962;;;;313;;;;;;;;;;;;
16;QOZPEC_clean;DISORDER;Cd;Cd;65;48;50;Cd;2;;;;;;;;;6228;962;887;;;28118;;;;;;;;;;;;
17;QOZPIG_clean;;Cd; ;65;48;39;Cd;2;;;;;;;;;6228;;;;;28118;;;;;;;;;;;;
18;GERWEH_clean;;Cu,Si;Cu;70;72;30;Cu;2;Si;-1;;;;;;;962;6228;;;;;;;;;;;;;;;;
19;PUWDAM_clean;;Zn; ;70;72;63;Zn;2;;;;;;;;;6228;702;962;;;;;;;;;;;;;;;
20;RUGZAW_clean;;Zn;Zn;70;72;;Zn;2;;;;;;;;;6228;702;962;;;;;;;;;;;;;;;
21;YAVWUQ_clean;;Cu;Cu;70;96;;Cu;2;;;;;;;;;6228;;;;;313;;;;;;;;;;;;
22;LELROL_clean;;Mn;Mn;70;192;;Mn;2;;;;;;;;;6228;887;;;;;;;;;;;;;;;;
23;XUGROI_clean;;Cu;Cu;75;24;42;Cu;2;;;;;;;;;12051;962;;;;313;;;;;;;;;;;;
24;YAFJEX_clean;DISORDER;Cu;Cu;75;24;;Cu;2;;;;;;;;;6228;;;;;28118;;;;;;;;;;;;
25;ZIKJOU_clean;;Cu;Cu;75;60;42;Cu;2;;;;;;;;;6228;887;;;;28118;;;;;;;;;;;;
26;ZIKJIO_clean;;Cu;Cu;75;36;39;Cu;2;;;;;;;;;6228;;;;;28118;;;;;;;;;;;;
27;DOZCEC_clean;;Mn;Mn;75;48;51;Mn;3;;;;;;;;;12051;887;;;;313;;;;;;;;;;;;
28;ECIWIW_clean;;Cd;Cd;130;48;53;Cd;2;;;;;;;;;702;;;;;;;;;;;;;;;;;
29;HOZTOG_clean;;W,Cu; ;75;48;32;W;6;Cu;1;;;;;;;6342;6228;;;;;;;;;;;;;;;;
30;LUCKAX_clean;DISORDER;Cd;Cd;75;48;60;Cd;2;;;;;;;;;6228;702;962;;;;;;;;;;;;;;;
32;CAYQUQ_clean;DISORDER;Cu;Cu;80;18;;Cu;2;;;;;;;;;6228;962;;;;313;;;;;;;;;;;;
33;BAZFUF01_clean;;Cu;Cu;80;24;;Cu;2;;;;;;;;;6228;702;;;;243;1049;;;;;;;;;;;
35;HOZFIN_clean;DISORDER;Li;Li;80;24;;Li;1;;;;;;;;;31275;8076;;;;;;;;;;;;;;;;
36;REDROI_clean;;Zn; ;80;720;90;Zn;2;;;;;;;;;6228;;;;;784;;;;;;;;;;;;
37;SUKYIH_clean;;Cu;Cu;80;24;;Cu;2;;;;;;;;;12051;962;;;;313;;;;;;;;;;;;
38;TANMIH_clean;;Co;Co;80;24;60;Co;2;;;;;;;;;12051;962;;;;;;;;;;;;;;;;
40;WOGHEG_clean;;Zn;Zn;80;24;60;Zn;2;;;;;;;;;6228;;;;;;;;;;;;;;;;;
41;ZEBMAW_clean;;Si,Ce;Ce;80;24;25-30;Si;-1;Ce;3;;;;;;;6228;962;;;;;;;;;;;;;;;;
42;ZEBMEA_clean;DISORDER;Eu,Si;Eu;80;24;75-80;Eu;3;Si;-1;;;;;;;6228;702;962;;;;;;;;;;;;;;;
43;ADASAB_charged;;Cu;Cu;80;40;;;;;;;;;;;;6228;;;;;;;;;;;;;;;;;
44;APAZOI_clean;;La;La;80;48;39;La;3;;;;;;;;;6228;887;962;;;;;;;;;;;;;;;
45;BOSHIC_clean;DISORDER;Cu;Cu;80;48;65;Cu;2;;;;;;;;;6228;6342;962;;;313;;;;;;;;;;;;
46;CAYQIE_clean;DISORDER;Cu;Cu;80;48;;Cu;2;;;;;;;;;12051;962;;;;313;;;;;;;;;;;;
48;DIVSUY_clean;;Eu;Eu;80;48;57;Eu;3;;;;;;;;;6228;702;962;;;;;;;;;;;;;;;
49;GABYUG_clean;DISORDER;Cd; ;80;48;;Cd;2;;;;;;;;;6228;887;;;;313;;;;;;;;;;;;
50;GAXKOH_clean;;Cd,K;Cd;80;48;60;Cd;2;K;1;;;;;;;6228;;;;;944;14797;;;;;;;;;;;
51;IFUPAC_clean;DISORDER;Eu;Eu;80;48;;Eu;3;;;;;;;;;6228;962;702;;;;;;;;;;;;;;;
53;OQETEK_clean;;Yb;Yb;80;48;;Yb;3;;;;;;;;;6228;962;702;;;;;;;;;;;;;;;
54;QEBKUF_SL;;Zn; ;80;48;;Zn;2;;;;;;;;;6228;962;;;;313;;;;;;;;;;;;
55;TEMPAE_clean;;Zn; ;80;48;64;Zn;2;;;;;;;;;6228;;;;;;;;;;;;;;;;;
56;TORPUN_clean;;Tb; ;80;48;;Tb;3;;;;;;;;;6228;962;702;;;;;;;;;;;;;;;
57;ZUDQUM_clean;;Mn; ;80;48;;Mn;2;;;;;;;;;6228;962;;;;;;;;;;;;;;;;
58;AQIXUV_clean;;Ni;Ni;80;72;48;Ni;2;;;;;;;;;6228;962;;;;;;;;;;;;;;;;
59;BUSRUE_clean;;Cd; ;80;72;88;Cd;2;;;;;;;;;6228;;;;;;;;;;;;;;;;;
60;CUYQIX_clean;;Zn;Zn;80;72;39;Zn;2;;;;;;;;;962;;;;;;;;;;;;;;;;;
61;EJOQOL_clean;;Cu,K;Cu,K;80;72;55;Cu;2;K;1;;;;;;;6228;962;;;;;;;;;;;;;;;;
62;GOVWOF_clean;;Mn;Mn;80;72;45;Mn;2;;;;;;;;;12051;;;;;;;;;;;;;;;;;
63;HAJDII_clean;;Tb; ;80;72;;Tb;3;;;;;;;;;6228;962;;;;;;;;;;;;;;;;
64;HOVQAM_clean;;Co; ;80;72;33;Co;2;;;;;;;;;962;;;;;14798;;;;;;;;;;;;
65;HUCFAO_clean;;Mn; ;80;72;36;Mn;2;;;;;;;;;962;31374;887;;;;;;;;;;;;;;;
66;ILAGUY_charged;;Cd; ;80;72;67;Cd;2;;;;;;;;;962;;;;;;;;;;;;;;;;;
67;IVARUT_clean;;Cd; ;80;72;36;Cd;2;;;;;;;;;962;;;;;;;;;;;;;;;;;
68;KEWBUL_clean;;Eu;Eu;80;72;72;Eu;3;;;;;;;;;6228;702;962;;;;;;;;;;;;;;;
69;LAWHOJ_clean;;Cd;Cd;80;72;72;Cd;2;;;;;;;;;6228;962;702;;;;;;;;;;;;;;;
70;LIDSIC_clean;DISORDER;Co;Co;80;72;;Co;2;;;;;;;;;6228;702;962;;;;;;;;;;;;;;;
71;MATPOP_clean;;Tb,Zn;Tb,Zn;80;72;50;Tb;3;Zn;2;;;;;;;962;31374;;;;;;;;;;;;;;;;
72;MATPUV_clean;;Tb,Co;Tb,Co;80;72;50;Tb;3;Co;2;;;;;;;962;31374;;;;;;;;;;;;;;;;
73;MOTVOI_clean;;Eu;Eu;80;72;74;Eu;3;;;;;;;;;6228;702;6342;962;;;;;;;;;;;;;;
74;NAHHOW_clean;DISORDER;Cu;Cu;80;72;56;Cu;2;;;;;;;;;6228;6342;962;;;313;;;;;;;;;;;;
75;SUKKUG_clean;DISORDER;Cu;Cu;80;72;53;Cu;2;;;;;;;;;6228;6342;962;;;313;;;;;;;;;;;;
76;USORUR_clean;;Zn;Zn;80;72;82;Zn;2;;;;;;;;;12051;962;;;;;;;;;;;;;;;;
77;VEZWEE_clean;;Mn;Mn;80;72;20;Mn;2;;;;;;;;;887;962;;;;;;;;;;;;;;;;
78;VOGPEO_clean;;Cu;Cu;80;72;;Cu;2;;;;;;;;;6228;962;;;;944;;;;;;;;;;;;
79;VOQXIK_clean;DISORDER;Li;Li;80;72;;Li;1;;;;;;;;;702;13387;;;;;;;;;;;;;;;;
80;ZUDQEW_clean;;Cd;Cd;80;72;;Cd;2;;;;;;;;;6228;962;;;;;;;;;;;;;;;;
81;ZUDRAT_clean;;Mn;Mn;80;72;;Mn;2;;;;;;;;;6228;962;;;;;;;;;;;;;;;;
82;NAWDUN_clean;;Cu;Cu;80;96;70;Cu;2;;;;;;;;;6228;702;962;;;313;;;;;;;;;;;;
83;DIMQIB_clean;DISORDER;Co;Co;80;120;;Co;2;;;;;;;;;6228;6342;;;;;;;;;;;;;;;;
86;AVAQIX_clean;;Cd;Cd;80;504;43;Cd;2;;;;;;;;;6228;;;;;;;;;;;;;;;;;
87;ADASOP_clean;;Zn;Zn;85;12;;Zn;2;;;;;;;;;6228;13387;;;;;;;;;;;;;;;;
88;ADATIK_clean;;Cu;Cu;85;12;;Cu;2;;;;;;;;;6228;;;;;;;;;;;;;;;;;
89;RIDCEN_charged;;In; ;85;12;72;In;3;;;;;;;;;6228;6342;;;;944;;;;;;;;;;;;
90;RUVKAV_clean;;Cu;Cu;85;12;64;Cu;2;;;;;;;;;6228;702;962;;;944;;;;;;;;;;;;
91;ZOGBAA_clean;DISORDER;In; ;85;12;;In;3;;;;;;;;;6228;;;;;944;;;;;;;;;;;;
92;WIJXIY_clean;;Zn;Zn;85;16;;Zn;2;;;;;;;;;12051;;;;;;;;;;;;;;;;;
93;EYACOX_clean;;Eu;Eu;85;17;;Eu;3;;;;;;;;;6228;887;;;;944;;;;;;;;;;;;
94;AROFAP_clean;;Cd;Cd;85;24;81;Cd;2;;;;;;;;;6228;962;;;;;;;;;;;;;;;;
95;DOZKIO_clean;;Eu;Eu;85;24;80;Eu;3;;;;;;;;;6228;962;;;;944;;;;;;;;;;;;
96;EXAXAE_clean;;Cu;Cu;85;24;;Cu;1;;;;;;;;;6228;;;;;944;;;;;;;;;;;;
97;OVEDAW_clean;DISORDER;Cu;Cu;85;24;;Cu;1;;;;;;;;;6228;;;;;944;;;;;;;;;;;;
98;QIPROY_clean;;Cu;Cu;85;24;75;Cu;2;;;;;;;;;962;6342;;;;;;;;;;;;;;;;
99;YUMFUJ_clean;;La;La;85;24;;La;3;;;;;;;;;679;962;;;;;;;;;;;;;;;;
100;ADARAA_clean;;Co;Co;85;48;70;Co;2;;;;;;;;;6228;702;962;;;;;;;;;;;;;;;
101;BAZFUF_clean;;Cu;Cu;85;48;33;Cu;2;;;;;;;;;6228;13387;1049;;;;;;;;;;;;;;;
102;BAZGAM_clean;;Cu;Cu;85;48;77;Cu;2;;;;;;;;;6228;13387;1049;;;;;;;;;;;;;;;
103;BAZGEQ_clean;;Cu;Cu;85;48;26;Cu;2;;;;;;;;;6228;13387;;;;;;;;;;;;;;;;
104;CEJBEA_clean;;Dy; ;85;48;;Dy;3;;;;;;;;;6228;962;702;;;;;;;;;;;;;;;
105;FAGQAI_clean;;Cu;Cu;85;48;5-10;Cu;2;;;;;;;;;6228;;;;;;;;;;;;;;;;;
106;FIHHUB_SL;DISORDER;Cd; ;85;48;15;Cd;2;;;;;;;;;6228;702;;;;944;;;;;;;;;;;;
107;KUHNEI_clean;;Co;Co;85;48;31;Co;2;;;;;;;;;31374;962;;;;;;;;;;;;;;;;
108;UMAROR_clean;;Ag;Ag;85;48;36;Ag;1;;;;;;;;;6228;;;;;;;;;;;;;;;;;
109;WISVEB_clean;;Cd;Cd;85;48;;Cd;2;;;;;;;;;962;31374;;;;944;;;;;;;;;;;;
110;AROFET_clean;;Cd;Cd;85;72;52;Cd;2;;;;;;;;;6228;;;;;;;;;;;;;;;;;
111;ECOLEP_clean;;Co;Co;85;72;40.2;Co;2;;;;;;;;;31374;887;;;;;;;;;;;;;;;;
112;FIPKOG01_clean;;Cd; ;85;72;;Cd;2;;;;;;;;;6228;962;;;;944;;;;;;;;;;;;
113;NAJQUN_clean;;Mn;Mn;85;72;40;Mn;2;;;;;;;;;6228;962;;;;;;;;;;;;;;;;
114;NATFAS_clean;;Zn; ;85;72;40;Zn;2;;;;;;;;;962;6228;702;;;;;;;;;;;;;;;
117;VIXTUT_clean;;Zn;Zn;85;72;23;Zn;2;;;;;;;;;6228;;;;;;;;;;;;;;;;;
118;WIPLOY_clean;;Eu;Eu;85;72;47;Eu;3;;;;;;;;;6228;962;;;;;;;;;;;;;;;;
119;WOPHIU01_clean;;Zn;Zn;85;72;40.1;Zn;2;;;;;;;;;962;6228;;;;;;;;;;;;;;;;
120;WOPHIU_clean;;Zn;Zn;85;72;49.0;Zn;2;;;;;;;;;962;6228;;;;;;;;;;;;;;;;
121;YICGOI_clean;;Co;Co;85;72;56;Co;2;;;;;;;;;6228;6342;962;;;;;;;;;;;;;;;
123;KIKFIV_clean;;Eu;Eu;85;96;36;Eu;3;;;;;;;;;6228;962;;;;944;;;;;;;;;;;;
124;OYIVEY_clean;;Cu;Cu;85;96;54;Cu;2;;;;;;;;;6228;702;;;;;;;;;;;;;;;;
126;USOXEH_clean;;Cu,Zn;Cu;85;96;65;Cu;2;Zn;2;;;;;;;6228;962;887;;;176;;;;;;;;;;;;
127;MURBEI_clean;;In; ;85;120;;In;3;;;;;;;;;12051;;;;;944;;;;;;;;;;;;
128;KUNMUD_clean;;Cd; ;90;72;63;Cd;2;;;;;;;;;887;962;;;;;;;;;;;;;;;;
129;UKOLOV_clean;DISORDER;Zn; ;90;20;55;Zn;2;;;;;;;;;6228;702;962;;;;;;;;;;;;;;;
130;BINROH_clean;;Cu;Cu;90;24;71;Cu;2;;;;;;;;;12051;962;;;;313;;;;;;;;;;;;
131;DINNIZ_clean;;Mn;Mn;90;24;30;Mn;2;;;;;;;;;6228;702;;;;;;;;;;;;;;;;
132;FECYIX_clean;;Co;Co;90;24;10.5;Co;2;;;;;;;;;962;;;;;;;;;;;;;;;;;
133;FIGQUJ_clean;;Cu; ;90;24;39;Cu;2;;;;;;;;;962;;;;;;;;;;;;;;;;;
134;IZEFEZ_charged;;Cd; ;90;24;62;Cd;2;;;;;;;;;6228;702;;;;24247;;;;;;;;;;;;
135;PUWDOA_clean;;Zn;Zn;90;24;;Zn;2;;;;;;;;;6228;702;962;;;;;;;;;;;;;;;
136;UWUTIQ_clean;;Zn; ;90;24;82;Zn;2;;;;;;;;;6228;;;;;;;;;;;;;;;;;
137;UXUYUI_clean;;Li;Li;120;24;;Li;1;;;;;;;;;887;;;;;;;;;;;;;;;;;
138;VIDJID_clean;DISORDER;Co;Co;90;24;18;Co;2;;;;;;;;;6228;702;962;;;;;;;;;;;;;;;
141;HISGIB_clean;;Cs;Cs;90;48;38.17;Cs;1;;;;;;;;;6228;702;962;;;;;;;;;;;;;;;
142;OMUSAS_clean;;Zn;Zn;90;48;;Zn;2;;;;;;;;;6228;887;;;;;;;;;;;;;;;;
143;ROTQIC_clean;;Zn;Zn;90;48;70;Zn;2;;;;;;;;;6228;702;;;;;;;;;;;;;;;;
144;SUKMAO_clean;DISORDER;Cu;Cu;90;48;60;Cu;2;;;;;;;;;6228;887;962;;;313;;;;;;;;;;;;
145;TAPHOJ_clean;;Zn; ;90;48;46;Zn;2;;;;;;;;;962;;;;;14798;;;;;;;;;;;;
146;TOHMIO_clean;DISORDER;Eu;Eu;90;48;54;Eu;3;;;;;;;;;6228;679;;;;;;;;;;;;;;;;
147;XOTSEG_clean;;Mn;Mn;90;48;50;Mn;2;;;;;;;;;6228;;;;;;;;;;;;;;;;;
149;QOJKAB_clean;;Zn; ;90;68;26;Zn;2;;;;;;;;;962;;;;;;;;;;;;;;;;;
150;AVESOL_clean;;Zn;Zn;90;72;65;Zn;2;;;;;;;;;6228;962;;;;313;;;;;;;;;;;;
151;AVETAY_clean;DISORDER;Zn;Zn;90;72;70;Zn;2;;;;;;;;;6228;962;;;;313;;;;;;;;;;;;
152;AVETEC_clean;;Cd; ;90;72;58;Cd;2;;;;;;;;;6228;962;;;;313;;;;;;;;;;;;
153;BUCWAZ_clean;;Cd;Cd;90;72;69;Cd;2;;;;;;;;;31374;962;;;;;;;;;;;;;;;;
154;GALCAZ_clean;;Zn;Zn;90;72;43;Zn;2;;;;;;;;;6228;702;;;;8471;;;;;;;;;;;;
155;LASWIN_clean;;Co;Co;90;72;47;Co;2;;;;;;;;;6228;;;;;;;;;;;;;;;;;
156;OKIPOO_clean;;Co;Co;90;72;66;Co;2;;;;;;;;;6228;962;;;;;;;;;;;;;;;;
157;OKIPUU_clean;;Cd; ;90;72;76;Cd;2;;;;;;;;;6228;962;;;;;;;;;;;;;;;;
158;REYPES_clean;;Zn;Zn;90;72;32;Zn;2;;;;;;;;;962;;;;;;;;;;;;;;;;;
159;VAXVEX_charged;;Cd; ;90;72;;Cd;2;;;;;;;;;962;887;;;;;;;;;;;;;;;;
160;WUSLED_clean;;U;U;90;72;48.5;U;4;;;;;;;;;6228;962;;;;;;;;;;;;;;;;
161;XOLGEM_clean;;Li,Co; ;90;72;40;Li;1;Co;2;;;;;;;962;6228;;;;222;8471;;;;;;;;;;;
162;OWUWUA_clean;;Na,Fe,Zn;Na,Zn;90;96;23;Na;1;Fe;3;Zn;2;;;;;6228;962;;;;;;;;;;;;;;;;
165;IKUTIT_clean;;Dy;Dy;95;24;31;Dy;3;;;;;;;;;6228;;;;;;;;;;;;;;;;;
166;IKUTOZ_clean;;Dy;Dy;95;24;45;Dy;3;;;;;;;;;6228;;;;;;;;;;;;;;;;;
167;IKUTUF_clean;;Dy;Dy;95;24;29;Dy;3;;;;;;;;;6228;;;;;;;;;;;;;;;;;
168;YOZQAG_charged;;Zn;Zn;95;24;;Zn;2;;;;;;;;;6228;962;;;;;;;;;;;;;;;;
169;YOZQEK_clean;;Zn;Zn;95;24;;Zn;2;;;;;;;;;6228;;;;;;;;;;;;;;;;;
170;ACAKUM_clean;;La;La;95;72;;La;3;;;;;;;;;962;;;;;;;;;;;;;;;;;
171;ACALIB_clean;;Er;Er;95;72;;Er;3;;;;;;;;;962;;;;;;;;;;;;;;;;;
172;AJAMEF_clean;;Co;Co;95;72;67;Co;2;;;;;;;;;31374;6342;962;;;;;;;;;;;;;;;
173;HEDTER_clean;;Ni;Ni;95;72;52;Ni;2;;;;;;;;;6228;6342;962;;;;;;;;;;;;;;;
174;MICDEJ_clean;;Mn;Mn;95;72;66;Mn;2;;;;;;;;;6228;962;;;;;;;;;;;;;;;;
175;SARNOQ_clean;;Zn; ;95;72;;Zn;2;;;;;;;;;31374;;;;;;;;;;;;;;;;;
176;ZIDVAL_clean;;Mn;Mn;95;72;;Mn;2;;;;;;;;;962;6228;;;;;;;;;;;;;;;;
177;ZOFZUR_clean;;Mn;Mn;95;72;;Mn;2;;;;;;;;;6228;;;;;944;;;;;;;;;;;;
178;BOWZUK_clean;;Zn;Zn;100;12;64;Zn;2;;;;;;;;;6228;887;962;;;;;;;;;;;;;;;
179;ANUGIA_clean;;Cu;Cu;85;12;82;Cu;2;;;;;;;;;6228;31275;962;;;313;;;;;;;;;;;;
180;ANUGOG_clean;;Cu;Cu;85;24;55;Cu;2;;;;;;;;;13387;31275;962;;;;;;;;;;;;;;;
181;LENKIA_clean;;Cu;Cu;100;18;;Cu;2;;;;;;;;;6228;962;;;;;;;;;;;;;;;;
182;VALVAI_clean;;Yb;Yb;100;20;;Yb;3;;;;;;;;;6228;962;;;;;;;;;;;;;;;;
183;COJGEO_clean;;Cu,Zn;Cu,Zn;100;24;;Cu;2;Zn;2;;;;;;;6228;962;;;;;;;;;;;;;;;;
184;DUPJAB_clean;;Cd;Cd;100;24;;Cd;2;;;;;;;;;6228;962;;;;;;;;;;;;;;;;
185;EKEKIQ_clean;DISORDER;Zn; ;100;24;;Zn;2;;;;;;;;;6228;962;;;;;;;;;;;;;;;;
186;EKEKOW_clean;DISORDER;Zn;Zn;100;24;;Zn;2;;;;;;;;;6228;702;962;;;;;;;;;;;;;;;
187;EXOTUH_SL;;Cd; ;100;24;;Cd;2;;;;;;;;;6228;;;;;;;;;;;;;;;;;
188;GUSJOU_clean;;Mn,Ge;Mn;100;24;43;Mn;2;Ge;-1;;;;;;;6228;887;;;;;;;;;;;;;;;;
189;QAMHAQ_clean;DISORDER;Zn; ;100;24;;Zn;2;;;;;;;;;6228;962;;;;;;;;;;;;;;;;
190;TILHAZ_clean;;Co;Co;100;24;50;Co;2;;;;;;;;;702;6228;;;;;;;;;;;;;;;;
192;YODRAM_clean;;Co;Co;100;24;88;Co;2;;;;;;;;;6228;702;;;;;;;;;;;;;;;;
193;GOBSUM_clean;;Co;Co;100;36;;Co;2;;;;;;;;;6228;6342;;;;;;;;;;;;;;;;
194;AJAKON_clean;;Cd;Cd;100;40;67.8;Cd;2;;;;;;;;;31374;702;962;;;28118;;;;;;;;;;;;
195;DAMZEZ_clean;;Cd; ;100;48;65;Cd;2;;;;;;;;;6228;;;;;944;;;;;;;;;;;;
196;EXEMUR_clean;;Cd; ;100;48;60;Cd;2;;;;;;;;;6228;31275;962;;;;;;;;;;;;;;;
197;GETXAG_clean;;Co;Co;100;48;63;Co;2;;;;;;;;;962;;;;;14798;;;;;;;;;;;;
198;HIHGAI_clean;;Eu,Si;Eu;100;48;34;Eu;3;Si;-1;;;;;;;6228;;;;;313;;;;;;;;;;;;
200;LAZJIH_clean;;Zn; ;100;48;78;Zn;2;;;;;;;;;6228;962;;;;;;;;;;;;;;;;
201;PASNAA01_clean;;Co;Co;100;48;;Co;2;;;;;;;;;962;;;;;14798;;;;;;;;;;;;
202;PENYOX_clean;DISORDER;V;V;100;48;75;V;3;;;;;;;;;962;;;;;;;;;;;;;;;;;
203;PEQTUB_clean;DISORDER;Bi;Bi;100;48;12;Bi;3;;;;;;;;;962;;;;;8471;;;;;;;;;;;;
204;PUWCIT_clean;DISORDER;Zn;Zn;100;48;57;Zn;2;;;;;;;;;6228;702;962;;;;;;;;;;;;;;;
205;PUZTOV_clean;;Ca,Cd;Cd;100;48;;Ca;2;Cd;2;;;;;;;962;6228;;;;;;;;;;;;;;;;
206;QUFKIN_clean;;Co;Co;100;48;25;Co;2;;;;;;;;;962;;;;;;;;;;;;;;;;;
207;SODQOT_clean;;Cu;Cu;100;48;;Cu;2;;;;;;;;;31374;;;;;944;;;;;;;;;;;;
208;UWOWAF_clean;;Mn;Mn;100;48;60;Mn;2;;;;;;;;;6228;702;;;;;;;;;;;;;;;;
209;VOLPET_clean;;Zn;Zn;100;48;15;Zn;2;;;;;;;;;6228;6342;;;;;;;;;;;;;;;;
210;XOPLUL_clean;;Cd; ;100;48;;Cd;2;;;;;;;;;962;6228;;;;;;;;;;;;;;;;
211;XUDVAV_clean;DISORDER;Co;Co;100;48;48;Co;2;;;;;;;;;6228;962;;;;;;;;;;;;;;;;
212;DUJRAD_clean;;Cu,Ba;Cu,Ba;100;60;;Cu;2;Ba;2;;;;;;;6228;;;;;;;;;;;;;;;;;
213;HIFGIO_SL;;Zn; ;100;60;∼56;Zn;2;;;;;;;;;6228;702;;;;14798;;;;;;;;;;;;
214;HUTTIA_clean;;Zn;Zn;100;60;;Zn;2;;;;;;;;;6228;;;;;;;;;;;;;;;;;
215;ORUKOD_clean;;Ba;Ba;100;60;40;Ba;2;;;;;;;;;6228;702;962;;;313;;;;;;;;;;;;
216;AVESUR_clean;;Cd;Cd;100;72;69;Cd;2;;;;;;;;;6228;962;;;;313;;;;;;;;;;;;
217;BAFCAP_clean;;Zn;Zn;100;72;36;Zn;2;;;;;;;;;6228;962;;;;;;;;;;;;;;;;
218;BURQIQ_clean;;Cd,Na;Cd,Na;100;72;60;Cd;2;Na;1;;;;;;;6228;;;;;14798;;;;;;;;;;;;
219;CUKXAJ_clean;;Cd; ;100;72;;Cd;2;;;;;;;;;6228;962;;;;313;;;;;;;;;;;;
220;CUKXIR_clean;;Mn;Mn;100;72;;Mn;2;;;;;;;;;6228;962;;;;313;;;;;;;;;;;;
221;ELOZIQ_clean;DISORDER;Cd;Cd;100;72;65;Cd;2;;;;;;;;;31374;887;;;;;;;;;;;;;;;;
222;GAJVEU_charged;;Zn; ;100;72;;Zn;2;;;;;;;;;6228;;;;;8471;;;;;;;;;;;;
223;GAJVIY_charged;;Zn;Zn;100;72;;Zn;2;;;;;;;;;6228;;;;;;;;;;;;;;;;;
224;HIHGEM_manual;;Si,Er;Er;100;72;23;Si;-1;Er;3;;;;;;;6228;;;;;;;;;;;;;;;;;
225;HOZFEJ_clean;;Li; ;100;72;;Li;1;;;;;;;;;887;31275;;;;;;;;;;;;;;;;
226;HUNFIH_clean;;Ni,V;Ni,V;100;72;65;Ni;2;V;2;;;;;;;962;;;;;944;;;;;;;;;;;;
227;HUNFON_clean;;Zn,V;Zn,V;100;72;55;Zn;2;V;2;;;;;;;962;;;;;;;;;;;;;;;;;
228;HUVNAP_clean;DISORDER;Ba,Fe;Ba,Fe;100;72;31;Ba;2;Fe;3;;;;;;;6228;702;962;;;;;;;;;;;;;;;
229;KITCAT_clean;;Ag,K;Ag,K;100;72;40;Ag;1;K;1;;;;;;;8028;;;;;;;;;;;;;;;;;
230;LAHTUM_clean;;Cd;Cd;100;72;∼45;Cd;2;;;;;;;;;6228;702;;;;;;;;;;;;;;;;
231;LAHVAU_clean;;Cd;Cd;100;72;∼40;Cd;2;;;;;;;;;6228;702;;;;;;;;;;;;;;;;
232;LOXBEH_clean;;Cd;Cd;100;72;42;Cd;2;;;;;;;;;6228;962;;;;;;;;;;;;;;;;
233;NAYZUK_SL;;In; ;100;72;75;In;3;;;;;;;;;962;6342;;;;14798;;;;;;;;;;;;
234;OHIHET_clean;;Zn; ;100;72;44;Zn;2;;;;;;;;;962;;;;;14798;;;;;;;;;;;;
235;OQUCOU_clean;;Cd;Cd;100;72;35;Cd;2;;;;;;;;;31374;962;;;;;;;;;;;;;;;;
236;OWUWOU_clean;;Cd,Fe;Cd;100;72;28;Cd;2;Fe;3;;;;;;;6228;962;;;;;;;;;;;;;;;;
237;QAGQEW_clean;;Cd;Cd;100;72;76;Cd;2;;;;;;;;;31374;;;;;28118;;;;;;;;;;;;
238;QIVZEC_clean;;Zn; ;100;72;;Zn;2;;;;;;;;;962;702;;;;14798;;;;;;;;;;;;
239;SAMVIO_clean;DISORDER;Mn; ;100;72;;Mn;2;;;;;;;;;887;31374;;;;176;;;;;;;;;;;;
240;SOBZEQ_clean;;Ca,Cd;Ca;100;72;45;Ca;2;Cd;2;;;;;;;31374;962;;;;;;;;;;;;;;;;
241;VAGBEN_clean;;Cu,Gd;Gd;100;72;;Cu;1;Gd;3;;;;;;;6228;702;;;;944;;;;;;;;;;;;
242;VAGBOX_clean;;Cu,Gd;Cu,Gd;100;72;;Cu;1;Gd;3;;;;;;;962;702;;;;;;;;;;;;;;;;
243;WOPGOZ_clean;DISORDER;Co;Co;100;72;35.2;Co;2;;;;;;;;;962;6228;;;;;;;;;;;;;;;;
244;XEYMAR_clean;;Cu,Mn;Cu,Mn;100;72;15;Cu;1;Mn;2;;;;;;;6228;702;;;;;;;;;;;;;;;;
245;XICDUI_charged;;Cu; ;100;72;40;Cu;1;;;;;;;;;241;6212;;;;;;;;;;;;;;;;
246;XUGSID_clean;;Co;Co;100;72;;Co;2;;;;;;;;;6228;962;;;;8471;;;;;;;;;;;;
247;XULVAD_clean;;Gd,Mn;Mn;100;72;56.8;Gd;3;Mn;2;;;;;;;962;3776;;;;14798;;;;;;;;;;;;
248;VOXQOQ_clean;;Zn;Zn;100;80;;Zn;2;;;;;;;;;6228;702;;;;;;;;;;;;;;;;
249;CABDER_clean;;Cd; ;100;96;55;Cd;2;;;;;;;;;962;;;;;14798;;;;;;;;;;;;
250;EGABAR_clean;DISORDER;Cd; ;100;96;∼50;Cd;2;;;;;;;;;962;;;;;;;;;;;;;;;;;
251;VAGBUD_clean;;Cu,Gd;Cu,Gd;100;96;;Cu;1;Gd;3;;;;;;;962;31275;;;;;;;;;;;;;;;;
252;IBUBAL_clean;;Cd;Cd;100;120;45;Cd;2;;;;;;;;;6228;962;;;;;;;;;;;;;;;;
253;KAKBUW_clean;;Ca;Ca;100;120;70;Ca;2;;;;;;;;;962;6228;;;;;;;;;;;;;;;;
254;KAKCAD_clean;;Sr;Sr;100;120;75;Sr;2;;;;;;;;;962;6228;;;;;;;;;;;;;;;;
255;KAKCEH_clean;;Ba;Ba;100;120;90;Ba;2;;;;;;;;;6228;;;;;;;;;;;;;;;;;
256;PARSAF_clean;DISORDER;Ca,In;Ca,In;100;120;75;Ca;2;In;3;;;;;;;6228;;;;;;;;;;;;;;;;;
257;PARSEJ_clean;DISORDER;Sr,In;Sr,In;100;120;82;Sr;2;In;3;;;;;;;6228;;;;;;;;;;;;;;;;;
258;TAGTIH_clean;;Mg;Mg;100;120;;Mg;2;;;;;;;;;31374;81646;;;;8302;;;;;;;;;;;;
259;UMIGAA_clean;;Zn,Co;Zn,Co;100;120;50;Zn;2;Co;2;;;;;;;31374;;;;;;;;;;;;;;;;;
260;UYAMOY_clean;DISORDER;Cd;Cd;100;120;37;Cd;2;;;;;;;;;6228;;;;;;;;;;;;;;;;;
261;XASNUD_clean;;Zn;Zn;100;120;65;Zn;2;;;;;;;;;31374;;;;;28118;;;;;;;;;;;;
262;XASPEP_clean;;Zn;Zn;100;120;;Zn;2;;;;;;;;;6228;;;;;28118;;;;;;;;;;;;
263;IBUBIT_clean;;Zn;Zn;100;144;53;Zn;2;;;;;;;;;6228;962;;;;;;;;;;;;;;;;
264;SAMVEK_clean;;Mn; ;100;144;;Mn;2;;;;;;;;;887;31374;;;;176;;;;;;;;;;;;
265;UYAMIS_clean;DISORDER;Cd;Cd;100;144;45;Cd;2;;;;;;;;;6228;31275;;;;;;;;;;;;;;;;
266;ZEZPAX01_clean;;Dy;Dy;100;144;;Dy;3;;;;;;;;;6228;;;;;;;;;;;;;;;;;
267;BINSAU_clean;;Mn;Mn;100;168;23;Mn;2;;;;;;;;;6228;;;;;;;;;;;;;;;;;
268;ORUKET_clean;;Mg;Mg;100;192;;Mg;2;;;;;;;;;31374;702;962;;;313;;;;;;;;;;;;
269;VEHROR_charged;;La; ;102;48;60;La;3;;;;;;;;;962;;;;;944;;;;;;;;;;;;
270;VEGMIE01_charged;;Co;Co;102;72;;Co;2;;;;;;;;;12051;;;;;;;;;;;;;;;;;
271;MUNDEG_clean;;Cu;Cu;105;12;76;Cu;1;;;;;;;;;6228;31275;;;;944;;;;;;;;;;;;
273;ADASUV_clean;;Co;Co;105;23;;Co;2;;;;;;;;;6228;13387;;;;;;;;;;;;;;;;
274;CUTBIE_clean;;La;La;105;24;67;La;3;;;;;;;;;6228;;;;;944;;;;;;;;;;;;
275;EXOFIH_clean;;In; ;105;36;30;In;3;;;;;;;;;31374;702;;;;944;4837;;;;;;;;;;;
276;YIJYUN_clean;;Zn;Zn;105;60;36.3;Zn;2;;;;;;;;;962;;;;;516892;;;;;;;;;;;;
277;ALIXOJ_clean;;Ni;Ni;105;72;69;Ni;2;;;;;;;;;6228;962;;;;;;;;;;;;;;;;
278;LAQZOV_clean;;Ce;Ce;105;72;;Ce;3;;;;;;;;;6228;;;;;944;;;;;;;;;;;;
279;LAZHUR_clean;;Co;Co;105;72;64;Co;2;;;;;;;;;6228;962;;;;;;;;;;;;;;;;
280;NUCPEI_clean;;Zn;Zn;105;72;;Zn;2;;;;;;;;;6228;962;;;;;;;;;;;;;;;;
281;NUCPIM_clean;DISORDER;Zn;Zn;105;72;;Zn;2;;;;;;;;;31374;962;;;;;;;;;;;;;;;;
282;UWALEL_clean;;Cu;Cu;105;72;;Cu;2;;;;;;;;;6228;;;;;944;;;;;;;;;;;;
283;XORHET_clean;;Co;Co;105;72;69;Co;2;;;;;;;;;962;;;;;;;;;;;;;;;;;
284;CORZIU_clean;;In;In;105;96;61;In;1;;;;;;;;;6228;12051;;;;284;;;;;;;;;;;;
285;VEHRIL_clean;;Sm;Sm;107;48;30;Sm;3;;;;;;;;;962;;;;;944;;;;;;;;;;;;
287;GIQZIQ_clean;;Mg;Mg;110;24;73.5;Mg;2;;;;;;;;;6228;887;;;;;;;;;;;;;;;;
288;LEVNOQ_clean;;Mg;Mg;110;24;64.2;Mg;2;;;;;;;;;6228;;;;;;;;;;;;;;;;;
291;GOBTAT_clean;DISORDER;Co; ;110;36;;Co;2;;;;;;;;;6228;7237;;;;;;;;;;;;;;;;
293;KUHNIM_clean;;Zn;Zn;110;48;57;Zn;2;;;;;;;;;962;;;;;14923;;;;;;;;;;;;
294;UYOFIY_clean;;Tb;Tb;110;48;62;Tb;3;;;;;;;;;702;962;;;;8471;;;;;;;;;;;;
295;ZOFZIF_clean;;Mn;Mn;110;48;;Mn;2;;;;;;;;;6228;;;;;176;;;;;;;;;;;;
296;ZOFZOL_clean;;Co;Co;110;48;;Co;2;;;;;;;;;12051;;;;;176;;;;;;;;;;;;
297;EREGOY_clean;;Cd;Cd;110;72;82;Cd;2;;;;;;;;;31374;;;;;;;;;;;;;;;;;
298;ETEMIB_clean;;Co;Co;110;72;;Co;2;;;;;;;;;962;6228;;;;14798;;;;;;;;;;;;
299;PAFMUH_clean;;Cd;Cd;110;72;47;Cd;2;;;;;;;;;962;887;;;;14798;;;;;;;;;;;;
300;PORLAL_clean;;Gd;Gd;110;72;70;Gd;3;;;;;;;;;6228;962;;;;;;;;;;;;;;;;
301;QUNWAZ_clean;;Zn;Zn;110;72;58;Zn;2;;;;;;;;;6228;7964;;;;;;;;;;;;;;;;
302;TOHYUM_clean;;Zn;Zn;110;72;54;Zn;2;;;;;;;;;31374;;;;;944;;;;;;;;;;;;
303;VIVLAP_clean;;Tb;Tb;110;72;65;Tb;3;;;;;;;;;6228;962;;;;944;;;;;;;;;;;;
304;VOGTIV_clean_h;;Mg;Mg;110;72;;Mg;2;;;;;;;;;8028;962;;;;14798;;;;;;;;;;;;
306;WIRKOZ_clean;;Zn;Zn;110;72;;Zn;2;;;;;;;;;6228;;;;;;;;;;;;;;;;;
307;WIRMOB_clean;;Zn;Zn;110;72;;Zn;2;;;;;;;;;6228;;;;;;;;;;;;;;;;;
308;XUKNIC_clean;;Zn;Zn;110;80;;Zn;2;;;;;;;;;962;;;;;944;;;;;;;;;;;;
309;KEVVIS_clean;;Co;Co;110;96;;Co;2;;;;;;;;;962;702;6228;;;;;;;;;;;;;;;
310;REDYEG_clean;;Zn; ;110;96;45;Zn;2;;;;;;;;;6560;887;;;;;;;;;;;;;;;;
311;ADASIJ_clean;;Cu;Cu;115;23;;Cu;2;;;;;;;;;6228;962;;;;;;;;;;;;;;;;
312;DUNYOC_clean;DISORDER;Zn;Zn;115;72;50;Zn;2;;;;;;;;;6228;;;;;;;;;;;;;;;;;
313;ZUQMAB_clean;;Co; ;115;96;69;Co;2;;;;;;;;;6228;;;;;;;;;;;;;;;;;
314;BUXZAX_clean;;Fe,Hf;Fe,Hf;120;48;49;Fe;3;Hf;4;;;;;;;12051;;;;;243;;;;;;;;;;;;
315;LUYSOP_clean;;Co; ;120;12;;Co;2;;;;;;;;;6228;;;;;176;313;;;;;;;;;;;
316;SONTIZ_clean;;Tb;Tb;120;20;;Tb;3;;;;;;;;;6228;;;;;;;;;;;;;;;;;
317;SONTOF_clean;;Dy;Dy;120;20;;Dy;3;;;;;;;;;6228;;;;;;;;;;;;;;;;;
318;WAGQAY_clean;DISORDER;Ni;Ni;120;20;54;Ni;2;;;;;;;;;12051;;;;;;;;;;;;;;;;;
319;XARPAK_clean;;Cu;Cu;120;20;43.0;Cu;2;;;;;;;;;13387;;;;;;;;;;;;;;;;;
320;XIFHIF_clean;;Tb;Tb;120;21;49;Tb;3;;;;;;;;;6228;;;;;;;;;;;;;;;;;
321;COXQUB_clean;;Cd;Cd;120;24;57;Cd;2;;;;;;;;;962;;;;;;;;;;;;;;;;;
322;FECYOD_clean;DISORDER;Zn;Zn;120;24;;Zn;2;;;;;;;;;6228;;;;;;;;;;;;;;;;;
323;HUSJUC_clean;;La; ;120;24;60;La;3;;;;;;;;;6228;;;;;313;;;;;;;;;;;;
325;KUSQUM_clean;DISORDER;Cd,Cu;Cd,Cu;120;24;∼57;Cd;2;Cu;2;;;;;;;6228;;;;;;;;;;;;;;;;;
326;PODXEN_clean;;Zn;Zn;120;24;64;Zn;2;;;;;;;;;6228;887;962;679;;8471;;;;;;;;;;;;
327;QEVKOS_clean;;W,Cu; ;120;24;25;W;6;Cu;1;;;;;;;6342;;;;;;;;;;;;;;;;;
328;REYCEF_clean;;Zn;Zn;120;24;69;Zn;2;;;;;;;;;962;6342;;;;313;;;;;;;;;;;;
329;TIRRIW_clean;;Co; ;120;24;;Co;2;;;;;;;;;6228;;;;;;;;;;;;;;;;;
330;TUBJAD_clean;;Cu;Cu;120;24;55;Cu;2;;;;;;;;;962;;;;;14798;;;;;;;;;;;;
331;XUKHUI_clean;;Zn;Zn;120;24;78;Zn;2;;;;;;;;;962;31374;;;;;;;;;;;;;;;;
332;ZOZPUB_clean;;Co;Co;120;36;;Co;2;;;;;;;;;6228;962;;;;;;;;;;;;;;;;
333;HUVHOX_clean;;Zn;Zn;120;40;43;Zn;2;;;;;;;;;962;;;;;;;;;;;;;;;;;
334;WEZCIO_clean;;La,Co;Co;120;45;;La;3;Co;2;;;;;;;962;;;;;;;;;;;;;;;;;
335;BEDYEQ_clean;;Zr,Fe;Zr,Fe;120;48;46;Zr;4;Fe;3;;;;;;;12051;;;;;243;;;;;;;;;;;;
336;CIFMIP_clean;;Co;Co;120;48;;Co;2;;;;;;;;;6228;;;;;;;;;;;;;;;;;
337;EHODOV_SL;;In; ;120;48;75;In;3;;;;;;;;;6228;;;;;;;;;;;;;;;;;
338;HISGAT_clean;;K;K;120;48;41.26;K;1;;;;;;;;;6228;702;962;;;;;;;;;;;;;;;
339;HOXRUJ_clean;DISORDER;Eu,K;K;120;48;56;Eu;3;K;1;;;;;;;962;;;;;313;;;;;;;;;;;;
340;ILIMOH_clean;;Ni; ;120;48;;Ni;2;;;;;;;;;6228;962;;;;;;;;;;;;;;;;
341;ILIMUN_clean;;Ni; ;120;48;;Ni;2;;;;;;;;;6342;887;;;;;;;;;;;;;;;;
342;KETHEY02_clean;;Cd;Cd;120;48;75;Cd;2;;;;;;;;;6228;;;;;;;;;;;;;;;;;
343;KOLWEO_clean;;Ni; ;120;48;;Ni;2;;;;;;;;;12051;174;1140;;;;;;;;;;;;;;;
344;OJIDAN_clean;;Sc;Sc;120;48;71;Sc;3;;;;;;;;;6228;8028;6344;962;;944;;;;;;;;;;;;
345;OLEKUM_manual;;Zn;Zn;120;48;;Zn;2;;;;;;;;;6228;;;;;;;;;;;;;;;;;
346;SARMOO_clean;;Eu;Eu;120;48;47;Eu;3;;;;;;;;;962;;;;;23665404;;;;;;;;;;;;
347;SOJTOC_clean;;Zn,K;Zn,K;120;48;∼49;Zn;2;K;1;;;;;;;962;702;;;;;;;;;;;;;;;;
348;TIXVON_clean;;Mg;Mg;120;48;63;Mg;2;;;;;;;;;31374;962;;;;14798;;;;;;;;;;;;
350;WIJXEU_clean;;Zn;Zn;120;48;20;Zn;2;;;;;;;;;6228;;;;;;;;;;;;;;;;;
351;WOPHEQ_clean;;Co; ;120;48;60.0;Co;2;;;;;;;;;6228;962;;;;944;;;;;;;;;;;;
352;XOTSIK_clean;;Cd;Cd;120;48;40;Cd;2;;;;;;;;;6228;;;;;;;;;;;;;;;;;
353;YOYYUI_clean;DISORDER;Zn;Zn;120;48;28;Zn;2;;;;;;;;;31374;962;;;;;;;;;;;;;;;;
354;GUJTOV_clean;;Mo,Cu;Mo,Cu;120;66;30;Mo;6;Cu;2;;;;;;;962;;;;;;;;;;;;;;;;;
355;ATIBOU02_clean;;Mn; ;120;72;73;Mn;2;;;;;;;;;6228;;;;;;;;;;;;;;;;;
356;COPXOV_clean;;Co; ;120;72;;Co;2;;;;;;;;;962;;;;;14798;;;;;;;;;;;;
357;DADXUE_clean;DISORDER;Cd;Cd;120;72;84;Cd;2;;;;;;;;;31374;887;;;;;;;;;;;;;;;;
358;EYULOA_clean;;Co; ;120;72;61;Co;2;;;;;;;;;6228;;;;;;;;;;;;;;;;;
359;FIHRIZ_clean;;Ni; ;120;72;80;Ni;2;;;;;;;;;31374;887;;;;;;;;;;;;;;;;
360;FURFIJ_clean;;Cd;Cd;120;72;43;Cd;2;;;;;;;;;31374;;;;;;;;;;;;;;;;;
361;FURFOP_clean;;Zn; ;120;72;54;Zn;2;;;;;;;;;31374;;;;;;;;;;;;;;;;;
362;GERWOR_charged;;Cd,Si; ;120;72;29;Cd;2;Si;-1;;;;;;;6228;;;;;313;;;;;;;;;;;;
363;GEVYEN_clean;;Zn; ;120;72;;Zn;2;;;;;;;;;962;;;;;;;;;;;;;;;;;
364;GEZRAG_clean;;Co;Co;120;72;60;Co;2;;;;;;;;;887;;;;;;;;;;;;;;;;;
365;HAPGIR_clean;;Mn;Mn;120;72;28;Mn;2;;;;;;;;;6228;6342;;;;;;;;;;;;;;;;
366;HAWGIX_charged;;Cd; ;120;72;38;Cd;2;;;;;;;;;887;962;;;;;;;;;;;;;;;;
367;HOXSUK_clean;;Ni;Ni;120;72;47;Ni;2;;;;;;;;;6228;31275;962;;;;;;;;;;;;;;;
368;IYOQIY_clean;;Cd;Cd;120;72;55;Cd;2;;;;;;;;;6228;702;962;;;944;14798;;;;;;;;;;;
369;IZIGUV_clean;;In;In;120;72;∼75;In;3;;;;;;;;;6228;962;;;;284;;;;;;;;;;;;
370;KUKPOX_clean;;Cu;Cu;120;72;;Cu;2;;;;;;;;;962;6228;31275;;;;;;;;;;;;;;;
371;KUKPUD_clean;DISORDER;Cu;Cu;120;72;;Cu;2;;;;;;;;;962;6342;;;;;;;;;;;;;;;;
372;LALFEL_clean;;Cd;Cd;120;72;;Cd;2;;;;;;;;;962;;;;;;;;;;;;;;;;;
373;LAWHUP_clean;;Cd; ;120;72;80;Cd;2;;;;;;;;;6228;702;962;;;;;;;;;;;;;;;
374;MEJQEZ_clean;;Zn; ;120;72;60;Zn;2;;;;;;;;;962;;;;;;;;;;;;;;;;;
375;MEJQID_clean;;Zn; ;120;72;70;Zn;2;;;;;;;;;31374;887;;;;7293;;;;;;;;;;;;
376;MEJQOJ_clean;;Zn; ;120;72;75;Zn;2;;;;;;;;;13387;887;;;;7293;;;;;;;;;;;;
377;NAWKII_clean;;Mg;Mg;120;72;;Mg;2;;;;;;;;;6228;962;;;;;;;;;;;;;;;;
378;NOBVOR_clean;;Co; ;120;72;35;Co;2;;;;;;;;;962;;;;;;;;;;;;;;;;;
379;NOHQEI_clean;DISORDER;In; ;120;72;86;In;3;;;;;;;;;12051;;;;;;;;;;;;;;;;;
380;NOQLOV01_charged;;In; ;120;72;56;In;3;;;;;;;;;962;;;;;313;3301;;;;;;;;;;;
381;NORJEL_clean;;Cd;Cd;120;72;49;Cd;2;;;;;;;;;962;6228;;;;;;;;;;;;;;;;
382;OKIZIT_clean;DISORDER;Co; ;120;72;65;Co;2;;;;;;;;;31374;887;;;;28118;;;;;;;;;;;;
383;OYEBIE_clean;;Zn; ;120;72;52.23;Zn;2;;;;;;;;;962;;;;;;;;;;;;;;;;;
384;PIBGAK_clean;;Eu;Eu;120;72;56;Eu;3;;;;;;;;;6228;702;962;;;;;;;;;;;;;;;
385;PUZLAZ_clean;;In; ;120;72;;In;3;;;;;;;;;6228;;;;;;;;;;;;;;;;;
386;QASTUC_clean;;Mn; ;120;72;23;Mn;2;;;;;;;;;6228;;;;;;;;;;;;;;;;;
387;QIRWAR_clean;;Cu;Cu;120;72;;Cu;2;;;;;;;;;962;;;;;;;;;;;;;;;;;
388;REYCOP_clean;;Zn;Zn;120;72;65;Zn;2;;;;;;;;;962;6342;;;;;;;;;;;;;;;;
389;RUVBOB_clean;;Cd; ;120;72;;Cd;2;;;;;;;;;6228;887;;;;;;;;;;;;;;;;
390;SARMEE_clean;;Eu;Eu;120;72;49;Eu;3;;;;;;;;;962;;;;;14798;;;;;;;;;;;;
391;TEJBAN_clean;;Eu; ;120;72;47;Eu;3;;;;;;;;;962;;;;;;;;;;;;;;;;;
392;TEJLOL_clean;;Cd;Cd;120;72;60;Cd;2;;;;;;;;;6228;;;;;;;;;;;;;;;;;
393;TETZEZ_clean;;Zn;Zn;120;72;58;Zn;2;;;;;;;;;6228;;;;;;;;;;;;;;;;;
394;TETZID_clean;;Cd; ;120;72;45;Cd;2;;;;;;;;;962;;;;;14923;;;;;;;;;;;;
395;UQEGEE_clean;DISORDER;Mo,V,Co;Mo,V,Co;120;72;;Mo;6;V;2;Co;2;;;;;962;;;;;313;;;;;;;;;;;;
396;UQEGII_clean;;Mo,Ni,V;Mo,Ni,V;120;72;;Mo;2;Ni;2;V;4;;;;;962;;;;;313;;;;;;;;;;;;
397;VAGTAA_clean;;Mg;Mg;120;72;;Mg;2;;;;;;;;;6228;;;;;8471;;;;;;;;;;;;
398;VAQSEO_clean;;Cd;Cd;120;72;42;Cd;2;;;;;;;;;6228;962;;;;14798;;;;;;;;;;;;
399;VIPXUO_clean;;Co;Co;120;72;53;Co;2;;;;;;;;;962;;;;;14798;;;;;;;;;;;;
400;WEGDIX_charged;;Cd;Cd;120;72;30;Cd;2;;;;;;;;;6228;;;;;;;;;;;;;;;;;
401;WODREO_clean;DISORDER;Co;Co;120;72;;Co;2;;;;;;;;;1049;6228;679;;;;;;;;;;;;;;;
402;YOKKIU_clean;;Co;Co;120;72;26;Co;2;;;;;;;;;702;887;;;;;;;;;;;;;;;;
403;YOYBUL_clean;;Zn; ;120;72;;Zn;2;;;;;;;;;31374;962;702;;;;;;;;;;;;;;;
404;EVADIQ_clean;;Dy;Dy;120;96;;Dy;3;;;;;;;;;6228;679;962;;;;;;;;;;;;;;;
406;HEKTUO01_clean;;Cd;Cd;120;96;43;Cd;2;;;;;;;;;31374;;;;;;;;;;;;;;;;;
407;JUSBAC_clean;;Cd;Cd;120;96;33;Cd;2;;;;;;;;;6228;;;;;;;;;;;;;;;;;
408;NEVJEF_clean;;Cd;Cd;120;96;64;Cd;2;;;;;;;;;8028;962;;;;14798;;;;;;;;;;;;
409;NEVJOP_clean;;Zn;Zn;120;96;67;Zn;2;;;;;;;;;8028;962;;;;14798;;;;;;;;;;;;
410;UWELIS_clean;;Zn;Zn;120;96;;Zn;2;;;;;;;;;31374;;;;;;;;;;;;;;;;;
411;IQECIS_clean;;Co; ;120;120;;Co;2;;;;;;;;;31374;887;31275;;;28118;;;;;;;;;;;;
412;MAZSUD_clean;;Zn; ;120;120;83;Zn;2;;;;;;;;;6228;;;;;;;;;;;;;;;;;
413;OBIBAF_clean;;Mg;Mg;120;120;35;Mg;2;;;;;;;;;31374;962;;;;;;;;;;;;;;;;
414;OBIBEJ_clean;;Ca;Ca;120;120;82;Ca;2;;;;;;;;;6228;962;;;;;;;;;;;;;;;;
415;OBIBOT_clean;;Ba;Ba;120;120;23;Ba;2;;;;;;;;;31374;962;;;;;;;;;;;;;;;;
416;RIPWEU_clean;DISORDER;W,Na,Mn,Sm,K;W,Na,Mn,Sm,K;120;120;35;W;6;Na;1;Mn;2;Sm;3;K;1;962;;;;;517045;;;;;;;;;;;;
417;RIPWIY_clean;;W,Na,Sm,K;W,Na,Sm,K;120;120;38;W;5;Na;1;Sm;3;K;1;;;962;;;;;517045;;;;;;;;;;;;
418;TAGTUT_clean;;Mg;Mg;120;120;;Mg;2;;;;;;;;;31374;81646;;;;73706;;;;;;;;;;;;
419;TAGVAB_clean;;Mg;Mg;120;120;;Mg;2;;;;;;;;;8113;702;;;;;;;;;;;;;;;;
422;YOVNUU_clean;DISORDER;Ni; ;120;120;35;Ni;2;;;;;;;;;6228;;;;;8471;;;;;;;;;;;;
423;YOVPEG_clean;;Co; ;120;120;35;Co;2;;;;;;;;;6228;1049;;;;;;;;;;;;;;;;
424;BIHMUC_clean;;Co;Co;120;144;;Co;2;;;;;;;;;962;;;;;14798;;;;;;;;;;;;
425;HELDOT_clean;;Co;Co;120;168;;Co;2;;;;;;;;;31374;;;;;;;;;;;;;;;;;
426;RUGKOV_clean;;Zn;Zn;120;336;;Zn;2;;;;;;;;;6228;962;;;;;;;;;;;;;;;;
427;BEFGEA_manual;;In; ;130;24;;In;3;;;;;;;;;6228;31275;962;;;944;;;;;;;;;;;;
428;ILEPEW_clean;DISORDER;Ba,La;Ba;160;12;41;Ba;2;La;3;;;;;;;962;6228;;;;944;;;;;;;;;;;;
429;NAGQET_clean;;Co; ;130;24;;Co;2;;;;;;;;;6228;962;;;;;;;;;;;;;;;;
430;NAGQOD_clean;;Co; ;130;24;;Co;2;;;;;;;;;962;;;;;;;;;;;;;;;;;
431;PAFNAO_clean;DISORDER;Cd;Cd;130;24;62;Cd;2;;;;;;;;;962;887;;;;14798;;;;;;;;;;;;
432;VICSIL_clean;;Cu; ;130;24;72;Cu;2;;;;;;;;;887;962;;;;14798;;;;;;;;;;;;
433;WOXKOL_clean;;Mn;Mn;130;24;58;Mn;2;;;;;;;;;962;6228;;;;14798;;;;;;;;;;;;
434;FECYUJ_clean;;Zn;Zn;130;28;;Zn;2;;;;;;;;;6228;;;;;;;;;;;;;;;;;
435;HEBJAB_clean;;Co;Co;130;48;∼56;Co;2;;;;;;;;;962;;;;;14798;;;;;;;;;;;;
436;IVUVIG_clean;;Sm;Sm;130;48;;Sm;3;;;;;;;;;31374;962;;;;944;;;;;;;;;;;;
437;JUNBUR_clean;;Cd;Cd;130;48;40;Cd;2;;;;;;;;;962;;;;;14798;;;;;;;;;;;;
439;ONODOM_clean;DISORDER;Ni;Ni;130;48;28;Ni;2;;;;;;;;;6228;7966;962;;;;;;;;;;;;;;;
440;XUBGUY_clean;;Zr,Si;Zr;130;48;58;Zr;4;Si;-1;;;;;;;6228;;;;;;;;;;;;;;;;;
441;XUDYOM_clean;;In; ;130;48;57;In;3;;;;;;;;;6228;;;;;;;;;;;;;;;;;
443;DUKMON_clean;;Co; ;130;72;55;Co;2;;;;;;;;;962;;;;;14798;;;;;;;;;;;;
444;FONPUV_clean;;Zn;Zn;130;72;49;Zn;2;;;;;;;;;962;;;;;;;;;;;;;;;;;
446;LOMMIL_clean;;Y; ;130;72;;Y;3;;;;;;;;;962;;;;;;;;;;;;;;;;;
447;QARTEK_clean;;Cd; ;130;72;;Cd;2;;;;;;;;;962;;;;;14797;25516;;;;;;;;;;;
448;TEJBOB_clean;;Ag;Ag;130;72;27;Ag;1;;;;;;;;;962;;;;;;;;;;;;;;;;;
449;TORXIJ_clean;;Cu;Cu;130;72;40;Cu;2;;;;;;;;;887;962;;;;14798;;;;;;;;;;;;
450;UZIJUJ_clean;;Ce; ;130;72;60-80;Ce;3;;;;;;;;;962;6228;;;;;;;;;;;;;;;;
451;WONBAD_clean;DISORDER;Cd;Cd;130;72;76;Cd;2;;;;;;;;;6228;;;;;;;;;;;;;;;;;
452;WOZGUP_clean;;Co; ;130;72;50;Co;2;;;;;;;;;962;;;;;14798;;;;;;;;;;;;
453;YILJAG_clean;;Zn;Zn;130;72;;Zn;2;;;;;;;;;6228;702;;;;;;;;;;;;;;;;
454;ETEMEX_clean;DISORDER;Co;Co;130;96;;Co;2;;;;;;;;;702;962;6228;;;14798;;;;;;;;;;;;
455;IWELIG01_clean;;Co; ;130;96;60;Co;2;;;;;;;;;962;;;;;14798;;;;;;;;;;;;
456;LARPIF_clean;DISORDER;Na,Fe; ;130;120;72;Na;1;Fe;3;;;;;;;6228;;;;;14798;;;;;;;;;;;;
457;BOPHEV_clean;;Cd; ;130;144;56.7;Cd;2;;;;;;;;;6228;;;;;14923;;;;;;;;;;;;
458;BOPHIZ_clean;;Cd;Cd;130;144;86.7;Cd;2;;;;;;;;;6228;;;;;14923;;;;;;;;;;;;
461;RULXOM_clean;;Fe; ;135;72;50;Fe;2;;;;;;;;;6228;679;;;;28118;;;;;;;;;;;;
462;EZIVAM_clean;;Sr;Sr;140;12;73;Sr;2;;;;;;;;;6228;702;;;;;;;;;;;;;;;;
463;GUVBOQ_clean;;Zn;Zn;140;72;31;Zn;2;;;;;;;;;962;;;;;;;;;;;;;;;;;
464;ECEZAO_clean;DISORDER;Ni;Ni;140;24;;Ni;2;;;;;;;;;962;;;;;14798;;;;;;;;;;;;
465;RESWOC_clean;;Er;Er;80;24;65;Er;3;;;;;;;;;6228;702;962;;;;;;;;;;;;;;;
466;RESWUI_clean;;Er;Er;80;24;43;Er;3;;;;;;;;;6228;702;962;;;;;;;;;;;;;;;
467;VEYVEC_clean;;Co;Co;140;24;68;Co;2;;;;;;;;;962;;;;;;;;;;;;;;;;;
468;KIYMIP_clean;;Ni;Ni;140;40;42;Ni;2;;;;;;;;;962;;;;;;;;;;;;;;;;;
469;DOQKAW_charged;;Cd; ;140;48;60;Cd;2;;;;;;;;;31374;;;;;;;;;;;;;;;;;
470;DUSHEG_clean;DISORDER;Ni;Ni;140;48;;Ni;2;;;;;;;;;31374;;;;;28118;;;;;;;;;;;;
471;DUSHIK_clean;DISORDER;Fe;Fe;140;48;;Fe;3;;;;;;;;;31374;;;;;28118;;;;;;;;;;;;
472;EXOTOB_clean;;Ni;Ni;140;48;50;Ni;1;;;;;;;;;887;962;;;;;;;;;;;;;;;;
474;NEFTUP_clean;;Co; ;140;48;10;Co;2;;;;;;;;;962;887;;;;944;;;;;;;;;;;;
475;QUHMOX_clean;;Gd;Gd;140;48;35;Gd;3;;;;;;;;;679;;;;;;;;;;;;;;;;;
476;QUPDEL01_clean;;Gd;Gd;140;48;∼35;Gd;3;;;;;;;;;962;;;;;;;;;;;;;;;;;
477;RUSSAA_clean;;Cd,Co;Co;140;48;61;Cd;2;Co;2;;;;;;;962;;;;;;;;;;;;;;;;;
478;TEVHEJ_clean;DISORDER;Ni;Ni;140;48;37;Ni;2;;;;;;;;;6228;;;;;;;;;;;;;;;;;
479;VAKLIF_clean;DISORDER;Cd; ;140;48;20;Cd;2;;;;;;;;;962;;;;;8471;;;;;;;;;;;;
480;VAKNAZ_clean;DISORDER;Cd;Cd;140;48;35;Cd;2;;;;;;;;;962;;;;;8471;;;;;;;;;;;;
481;VAKNED_clean;DISORDER;Cd;Cd;140;48;18;Cd;2;;;;;;;;;962;;;;;8471;;;;;;;;;;;;
482;WUDQIW_clean;;Ni;Ni;140;48;∼25;Ni;2;;;;;;;;;702;962;;;;;;;;;;;;;;;;
485;EMIYEF_clean;;Mo,Co;Mo;140;72;50;Mo;6;Co;2;;;;;;;962;;;;;;;;;;;;;;;;;
486;GERWIL_charged;;Zn,Si; ;140;72;21;Zn;2;Si;-1;;;;;;;702;6228;;;;313;;;;;;;;;;;;
487;HIHFUB_clean;;Si,Nd;Nd;140;72;35;Si;-1;Nd;3;;;;;;;962;6228;;;;313;;;;;;;;;;;;
488;NANMAS_charged;;Mg,La; ;140;72;52;Mg;2;La;3;;;;;;;962;702;;;;8471;;;;;;;;;;;;
489;OGUPIQ_clean;;Co;Co;140;72;2;Co;2;;;;;;;;;962;;;;;14798;;;;;;;;;;;;
491;QANSUV_clean;;Cu;Cu;140;72;55;Cu;2;;;;;;;;;6342;962;;;;;;;;;;;;;;;;
492;QINSUD01_clean;DISORDER;Mn; ;140;72;;Mn;2;;;;;;;;;6228;887;;;;;;;;;;;;;;;;
493;REYBAA_clean;;Zn; ;140;72;65;Zn;2;;;;;;;;;962;6228;;;;;;;;;;;;;;;;
494;RUFDUT_clean;;Ni;Ni;140;72;;Ni;2;;;;;;;;;6228;962;;;;;;;;;;;;;;;;
495;RUPTED_clean;;Cu;Cu;140;72;65;Cu;1;;;;;;;;;6342;962;;;;176;;;;;;;;;;;;
496;SAJDIT_clean;;Tb;Tb;140;72;62;Tb;3;;;;;;;;;6228;13387;;;;284;;;;;;;;;;;;
497;SEFSOM_clean;;Cd; ;140;72;;Cd;2;;;;;;;;;962;;;;;14798;;;;;;;;;;;;
498;UXIQOJ_clean;;Ni; ;140;72;46;Ni;2;;;;;;;;;6228;962;;;;944;;;;;;;;;;;;
499;YOPQEB_clean;;Co;Co;140;72;57;Co;2;;;;;;;;;962;702;;;;14798;;;;;;;;;;;;
500;ZALMIL_clean;;Co;Co;140;72;55;Co;2;;;;;;;;;962;;;;;14798;;;;;;;;;;;;
501;COWXOC_clean;;Cd;Cd;140;75;74;Cd;2;;;;;;;;;887;6228;962;;;;;;;;;;;;;;;
502;JEBCOJ_clean;;Cu,Sm; ;140;80;78;Cu;2;Sm;3;;;;;;;962;;;;;;;;;;;;;;;;;
503;HUYXOP_clean;;Ni;Ni;140;96;;Ni;2;;;;;;;;;6228;962;702;;;;;;;;;;;;;;;
504;HUYXUV_clean;;Co;Co;140;96;;Co;2;;;;;;;;;6228;962;702;;;284;;;;;;;;;;;;
505;LASMAV_neutral;;Co;Co;140;96;5;Co;2;;;;;;;;;702;;;;;8471;;;;;;;;;;;;
506;VEMDAT_clean;;Zn;Zn;140;96;75;Zn;2;;;;;;;;;962;;;;;;;;;;;;;;;;;
507;SOGXAP_clean;;Ce;Ce;140;120;;Ce;3;;;;;;;;;962;;;;;;;;;;;;;;;;;
508;YIPDOR_clean;;Cu;Cu;140;120;52;Cu;2;;;;;;;;;962;;;;;;;;;;;;;;;;;
509;ZIQJEQ_clean;;Cu;Cu;140;120;70;Cu;2;;;;;;;;;962;;;;;313;;;;;;;;;;;;
510;OHOLIH_clean;DISORDER;Zn; ;110;20;;Zn;2;;;;;;;;;6228;;;;;8471;;;;;;;;;;;;
511;HIQKID_clean;DISORDER;U; ;150;24;64;U;4;;;;;;;;;962;6228;;;;284;;;;;;;;;;;;
512;LALFUB_clean;;Eu; ;150;24;52;Eu;3;;;;;;;;;962;;;;;944;;;;;;;;;;;;
514;PERSEM_clean;;Zn,U;Zn,U;150;24;;Zn;2;U;4;;;;;;;962;;;;;;;;;;;;;;;;;
515;PEWFII_clean;;Cu,U;Cu,U;150;24;;Cu;1;U;4;;;;;;;962;;;;;;;;;;;;;;;;;
516;FONKEA_clean;;Cd;Cd;150;36;62;Cd;2;;;;;;;;;6228;887;962;;;;;;;;;;;;;;;
517;DOGZIJ_clean;;Zn;Zn;150;43;;Zn;2;;;;;;;;;962;;;;;;;;;;;;;;;;;
518;HUNBIB_clean;;As,Fe;As;150;48;;As;-1;Fe;3;;;;;;;962;;;;;;;;;;;;;;;;;
519;YUPSIM_clean;;Pr; ;150;50;5;Pr;3;;;;;;;;;962;;;;;944;;;;;;;;;;;;
520;FIHFAF_clean;;Co;Co;150;60;83;Co;2;;;;;;;;;6228;962;;;;;;;;;;;;;;;;
521;OTAXOX_clean;;Mg; ;150;60;61;Mg;2;;;;;;;;;6228;;;;;944;;;;;;;;;;;;
522;QOPPES_clean;;Co;Co;150;65;;Co;2;;;;;;;;;6228;;;;;222;;;;;;;;;;;;
523;CAHQAG_clean;DISORDER;Mn;Mn;150;72;61;Mn;2;;;;;;;;;962;;;;;;;;;;;;;;;;;
524;HUNBEX_clean;;Zn,K;K;150;72;;Zn;2;K;1;;;;;;;263;962;;;;176;313;;;;;;;;;;;
525;ILOJEZ_clean;;Zn; ;150;72;51;Zn;2;;;;;;;;;962;;;;;14798;;;;;;;;;;;;
526;ILOTOT_clean;;Co; ;150;72;40;Co;2;;;;;;;;;887;6342;962;;;14798;;;;;;;;;;;;
527;IYEPUZ_clean;;Mn;Mn;150;72;39;Mn;2;;;;;;;;;31374;702;962;;;;;;;;;;;;;;;
528;JELPAS_clean;;As,Fe;As;150;72;∼80;As;-1;Fe;3;;;;;;;962;;;;;;;;;;;;;;;;;
529;LIVLUZ_clean;;Cd; ;150;72;53;Cd;2;;;;;;;;;6228;;;;;;;;;;;;;;;;;
530;NAFGOR_clean;DISORDER;Co; ;150;72;;Co;2;;;;;;;;;31374;;;;;;;;;;;;;;;;;
533;PELXIP_clean;;Cd;Cd;150;72;45;Cd;2;;;;;;;;;962;;;;;;;;;;;;;;;;;
535;SUWQEI_clean;;Cu;Cu;150;72;32;Cu;2;;;;;;;;;962;;;;;313;;;;;;;;;;;;
537;TEDSIG_clean;;Zn; ;150;72;74;Zn;2;;;;;;;;;962;702;;;;;;;;;;;;;;;;
538;TORXAB_clean;;Cu; ;150;72;30;Cu;2;;;;;;;;;962;;;;;;;;;;;;;;;;;
539;VAJQOP_clean;;Co;Co;150;72;62;Co;2;;;;;;;;;702;962;;;;;;;;;;;;;;;;
540;WARJAC_clean;;Ni;Ni;150;72;44;Ni;2;;;;;;;;;962;;;;;14798;;;;;;;;;;;;
541;WISTID_clean;;Zn;Zn;150;72;65;Zn;2;;;;;;;;;962;702;;;;;;;;;;;;;;;;
542;WOSHET_clean;;Cu;Cu;150;72;64;Cu;1;;;;;;;;;6342;;;;;222;;;;;;;;;;;;
543;WUTCET_clean;DISORDER;Co; ;150;72;;Co;2;;;;;;;;;6228;;;;;;;;;;;;;;;;;
544;XUHCAG_clean;DISORDER;Ni;Ni;150;72;51;Ni;2;;;;;;;;;962;;;;;8471;25516;;;;;;;;;;;
545;YUKVIK_clean;;Ni; ;150;72;19;Ni;2;;;;;;;;;962;;;;;3939;;;;;;;;;;;;
546;BURJOO_clean;;Co; ;150;96;35;Co;2;;;;;;;;;962;;;;;14798;8471;;;;;;;;;;;
547;CUFJUK_clean;;Co;Co;150;96;78.6;Co;2;;;;;;;;;6228;962;;;;24247;;;;;;;;;;;;
548;IYAJID_clean;;Cd,Na; ;150;96;32.5;Cd;2;Na;1;;;;;;;31374;887;;;;14798;;;;;;;;;;;;
549;IYAJOJ_clean;;Cd,Na,K;Na;150;96;35.6;Cd;2;Na;1;K;1;;;;;31374;887;;;;14798;14797;;;;;;;;;;;
550;IYAJUP_clean;;Cd,K;K;150;96;30.2;Cd;2;K;1;;;;;;;887;31374;;;;14797;;;;;;;;;;;;
551;IYAKAW_clean;;Cd,Mg; ;150;96;;Cd;2;Mg;2;;;;;;;887;31374;;;;;;;;;;;;;;;;
552;IYAKIE_clean;;Ca,Cd;Cd;150;96;29.4;Ca;2;Cd;2;;;;;;;887;31374;;;;;;;;;;;;;;;;
553;LARPOL_charged;;Fe; ;150;96;91;Fe;2;;;;;;;;;6228;;;;;;;;;;;;;;;;;
554;LARZEL_SL_part;;Cd; ;160;96;76.3;Cd;2;;;;;;;;;1049;962;;;;;;;;;;;;;;;;
556;ORIBAU_clean;;Zn; ;150;96;22.6;Zn;2;;;;;;;;;887;6228;;;;;;;;;;;;;;;;
557;SOTTUR_clean;;Sr;Sr;150;96;62;Sr;2;;;;;;;;;702;962;;;;14798;;;;;;;;;;;;
558;TOFLAD_clean;;Cd;Cd;150;96;;Cd;2;;;;;;;;;31374;962;;;;;;;;;;;;;;;;
559;XACSIG_clean;;Mn; ;150;96;20;Mn;2;;;;;;;;;962;;;;;14798;;;;;;;;;;;;
560;PABXAT_clean;;Pr; ;150;120;;Pr;3;;;;;;;;;962;;;;;14798;;;;;;;;;;;;
561;QOSXOM_clean;;Zn;Zn;150;120;35.4;Zn;2;;;;;;;;;22129;241;;;;;;;;;;;;;;;;
562;YOFGOR_clean;;Mn;Mn;150;120;;Mn;2;;;;;;;;;12051;;;;;;;;;;;;;;;;;
565;NOQKOV_clean;;Co; ;160;12;87;Co;2;;;;;;;;;962;;;;;8471;;;;;;;;;;;;
566;REYJEM_clean;;In; ;160;24;;In;3;;;;;;;;;6228;;;;;313;;;;;;;;;;;;
567;ANIDIL_clean;;Co; ;160;48;;Co;2;;;;;;;;;6228;702;;;;14923;;;;;;;;;;;;
568;CUXFUX_clean;DISORDER;Co; ;180;72;65;Co;2;;;;;;;;;962;;;;;971;14798;;;;;;;;;;;
569;EXALAR_clean;;Ni;Ni;160;48;;Ni;2;;;;;;;;;962;;;;;;;;;;;;;;;;;
570;HEBNOT_clean;;Zn,U;Zn,U;160;48;;Zn;2;U;3;;;;;;;962;;;;;;;;;;;;;;;;;
572;IPIHIA_clean;;Cd;Cd;160;48;42;Cd;2;;;;;;;;;962;887;;;;14798;;;;;;;;;;;;
573;WUDJAI_clean;;Co;Co;160;48;31;Co;2;;;;;;;;;962;;;;;;;;;;;;;;;;;
574;IZEBEV_clean;;Cd;Cd;160;60;;Cd;2;;;;;;;;;962;;;;;516892;;;;;;;;;;;;
575;WUPNIF_clean;;Cu,Na,Zn;Cu,Na,Zn;160;60;;Cu;2;Na;1;Zn;2;;;;;962;;;;;10340;;;;;;;;;;;;
576;IWOSAP_clean;;Ho;Ho;160;65;;Ho;3;;;;;;;;;962;;;;;8471;;;;;;;;;;;;
577;ACUJOZ_manual;;Cu,Cr;Cu,Cr;160;72;38;Cu;2;Cr;2;;;;;;;962;6228;;;;14798;;;;;;;;;;;;
579;AQEFUY_clean;;Ag;Ag;160;72;;Ag;1;;;;;;;;;962;;;;;944;;;;;;;;;;;;
580;AVESAW_clean;;Cd;Cd;160;72;42;Cd;2;;;;;;;;;962;6342;;;;;;;;;;;;;;;;
581;DUFXOT_clean;;Sr;Sr;160;72;72;Sr;2;;;;;;;;;962;;;;;;;;;;;;;;;;;
582;ELOGUJ_clean;;W,V,Co;W,Co;160;72;42;W;6;V;4;Co;2;;;;;962;;;;;313;;;;;;;;;;;;
584;EXALIZ_clean;;Mo,Ni;Mo,Ni;160;72;;Mo;6;Ni;2;;;;;;;962;;;;;14798;;;;;;;;;;;;
585;FAHQIQ_clean;;In; ;160;72;;In;3;;;;;;;;;962;6228;;;;;;;;;;;;;;;;
586;FASHAK_clean;;Pr;Pr;160;72;65;Pr;3;;;;;;;;;962;;;;;10340;;;;;;;;;;;;
587;FIBFUS_clean;;Ni; ;160;72;≈47;Ni;2;;;;;;;;;962;702;;;;;;;;;;;;;;;;
589;HABZEQ_clean;;Co;Co;160;72;46;Co;2;;;;;;;;;962;;;;;14798;;;;;;;;;;;;
590;HUWLUI_clean;;Th; ;160;72;;Th;4;;;;;;;;;6228;;;;;944;;;;;;;;;;;;
591;JUNBOL_clean;;Cd; ;160;72;42;Cd;2;;;;;;;;;962;;;;;14798;;;;;;;;;;;;
592;KAVNIH_clean;;Co; ;160;72;62;Co;2;;;;;;;;;1049;6228;;;;;;;;;;;;;;;;
593;KUJNEJ_clean;;Ni; ;160;72;65;Ni;2;;;;;;;;;887;31374;;;;14798;;;;;;;;;;;;
594;LIJXEI_clean;;Cd; ;160;72;40;Cd;2;;;;;;;;;702;;;;;14798;;;;;;;;;;;;
596;MUVROM_clean;;Co;Co;160;72;;Co;2;;;;;;;;;962;6342;;;;;;;;;;;;;;;;
597;NANMEW_clean;;Mg,La;Mg;160;72;63;Mg;2;La;3;;;;;;;962;702;;;;8471;;;;;;;;;;;;
598;NOMKUX_clean;;Ag;Ag;160;72;47;Ag;1;;;;;;;;;962;;;;;14798;;;;;;;;;;;;
599;NUNZUT_clean;DISORDER;Cu; ;160;72;;Cu;1;;;;;;;;;887;962;;;;;;;;;;;;;;;;
600;ONEJUN_clean;;W,Cu;W,Cu;160;72;;W;6;Cu;1;;;;;;;962;;;;;313;;;;;;;;;;;;
601;ORUHAM_clean;;Cd;Cd;160;72;63;Cd;2;;;;;;;;;962;887;;;;;;;;;;;;;;;;
602;PEWKOT_clean;;Cd; ;160;72;77;Cd;2;;;;;;;;;6342;962;;;;8471;;;;;;;;;;;;
603;PUPXII01_clean;;Mn;Mn;160;72;64.0;Mn;2;;;;;;;;;962;;;;;;;;;;;;;;;;;
604;PURNEX_clean;;W,Cu,Si;W;160;72;65;W;6;Cu;2;Si;-1;;;;;962;;;;;313;;;;;;;;;;;;
605;PURNIB_clean;;W,Co,Si,K,Cu;W,Cu,Co;160;72;57;W;2;Co;2;Si;-1;K;1;Cu;2;962;;;;;313;;;;;;;;;;;;
606;REKZIR_clean;DISORDER;Cd; ;160;72;;Cd;2;;;;;;;;;962;702;;;;14798;;;;;;;;;;;;
608;SIVWUR_clean;;Cd; ;160;72;70;Cd;2;;;;;;;;;962;6342;;;;;;;;;;;;;;;;
609;TIKMEH_clean;;Cd;Cd;160;72;44;Cd;2;;;;;;;;;962;174;;;;168937;;;;;;;;;;;;
610;TIXCIO_clean;;Cd; ;160;72;42;Cd;2;;;;;;;;;887;962;;;;;;;;;;;;;;;;
611;VAKREG_charged;;Co; ;160;72;75;Co;2;;;;;;;;;6228;;;;;;;;;;;;;;;;;
612;VIZQEC_clean;;Co;Co;160;72;63;Co;2;;;;;;;;;887;6228;;;;;;;;;;;;;;;;
613;VOCCOH_clean;;Ni;Ni;160;72;49;Ni;2;;;;;;;;;962;;;;;14798;;;;;;;;;;;;
614;VUHGAH_clean;;Co;Co;160;72;70;Co;2;;;;;;;;;962;702;;;;14798;;;;;;;;;;;;
615;WODQUD_clean;;Sm;Sm;160;72;;Sm;3;;;;;;;;;962;;;;;;;;;;;;;;;;;
616;XADDOX_clean;;Co;Co;160;72;;Co;2;;;;;;;;;887;;;;;;;;;;;;;;;;;
617;XAXQEU_SL;;In; ;160;72;60;In;3;;;;;;;;;962;6342;;;;;;;;;;;;;;;;
618;XOVVEK_clean;;Zn;Zn;160;72;81;Zn;2;;;;;;;;;962;;;;;14798;;;;;;;;;;;;
619;XULDOZ_clean;;Co;Co;160;72;65;Co;2;;;;;;;;;6342;887;962;31275;;14798;;;;;;;;;;;;
620;YOQYOT_clean;;Cd; ;160;72;;Cd;2;;;;;;;;;962;;;;;8471;;;;;;;;;;;;
621;FEYDET_clean;;In; ;160;85;;In;3;;;;;;;;;962;1049;;;;;;;;;;;;;;;;
622;AGUWUV_clean;;Ni;Ni;160;96;56;Ni;2;;;;;;;;;962;;;;;;;;;;;;;;;;;
623;COVYIX_clean;;Cu;Cu;160;96;60.0;Cu;2;;;;;;;;;962;;;;;8471;;;;;;;;;;;;
624;GIKMOD_clean;;Cu;Cu;160;96;39;Cu;2;;;;;;;;;962;;;;;8471;;;;;;;;;;;;
625;ITIPAE_clean;;Zn; ;160;96;63;Zn;2;;;;;;;;;6228;;;;;;;;;;;;;;;;;
626;KAVGAQ_clean;;Co; ;160;96;66;Co;2;;;;;;;;;962;;;;;8471;;;;;;;;;;;;
627;KUQWIE_clean;;Cd;Cd;160;96;35.9;Cd;2;;;;;;;;;962;;;;;3301;;;;;;;;;;;;
628;NEYJIM_clean;;Mo,Cu;Mo,Cu;160;96;58;Mo;2;Cu;1;;;;;;;962;;;;;313;;;;;;;;;;;;
629;NIHVUX_clean;;W,Mn,Ce;W,Mn,Ce;160;96;40;W;6;Mn;2;Ce;3;;;;;962;;;;;;;;;;;;;;;;;
630;OWETIU_clean;;W,Ag;W,Ag;160;96;50;W;6;Ag;1;;;;;;;962;;;;;14798;;;;;;;;;;;;
631;QATXIU_clean;;Cd; ;160;96;25;Cd;2;;;;;;;;;6228;;;;;8471;;;;;;;;;;;;
632;TAHYUZ_clean;;Co;Co;160;96;20;Co;2;;;;;;;;;962;;;;;;;;;;;;;;;;;
633;WUJPIC_clean;DISORDER;Na,Co; ;160;96;17;Na;1;Co;2;;;;;;;31374;887;;;;14798;;;;;;;;;;;;
637;HAVZIP_clean;;Co;Co;160;120;64;Co;2;;;;;;;;;962;702;;;;;;;;;;;;;;;;
638;MIZKAI_clean;DISORDER;Cd; ;160;120;;Cd;2;;;;;;;;;6228;;;;;8471;;;;;;;;;;;;
643;TOJVIZ_clean;;Co; ;160;120;72;Co;2;;;;;;;;;962;;;;;14798;;;;;;;;;;;;
644;TUGFAE_clean;;Ni; ;160;120;69;Ni;2;;;;;;;;;962;;;;;14798;;;;;;;;;;;;
645;XUHVON_clean;;Zn; ;160;120;45;Zn;2;;;;;;;;;6228;702;;;;;;;;;;;;;;;;
646;QOKCID_clean;;Zn;Zn;160;144;80;Zn;2;;;;;;;;;962;;;;;14797;;;;;;;;;;;;
647;TANLAX_charged;;Tb;Tb;160;144;;Tb;3;;;;;;;;;6228;;;;;1118;;;;;;;;;;;;
654;JUKPEM_clean;DISORDER;Ni,Na,W;Ni,Na,W;160;50;45;Ni;2;Na;1;W;6;;;;;962;;;;;;;;;;;;;;;;;
655;VUQKAU01_clean;;Mn;Mn;161;480;;Mn;2;;;;;;;;;31374;;;;;;;;;;;;;;;;;
657;NETYIV_clean;;Cu;Cu;165;96;37.5;Cu;1;;;;;;;;;962;;;;;313;;;;;;;;;;;;
660;SOGWIV_charged;;Cd; ;165;168;16;Cd;2;;;;;;;;;702;;;;;;;;;;;;;;;;;
663;GISZUF_clean;;Cd;Cd;170;24;80;Cd;2;;;;;;;;;962;;;;;;;;;;;;;;;;;
665;MITGIF_clean;;Yb;Yb;170;36;63;Yb;3;;;;;;;;;962;;;;;;;;;;;;;;;;;
666;XOJWID_charged;;Zn;Zn;170;48;;Zn;2;;;;;;;;;6228;;;;;8471;;;;;;;;;;;;
667;XOJWOJ_clean;;Zn;Zn;170;48;;Zn;2;;;;;;;;;962;7896;;;;;;;;;;;;;;;;
668;DACXOV_clean;;Tb; ;170;72;;Tb;3;;;;;;;;;962;;;;;313;;;;;;;;;;;;
669;FOXNIQ_clean;;Gd,Co;Gd;170;72;∼60;Gd;3;Co;2;;;;;;;962;;;;;8471;;;;;;;;;;;;
670;GURTIX_charged;;In; ;170;72;78;In;3;;;;;;;;;962;;;;;;;;;;;;;;;;;
671;GUSCIH_clean;;Gd,Ni;Ni;170;72;∼45;Gd;3;Ni;2;;;;;;;962;;;;;14798;;;;;;;;;;;;
674;MAQJEW_clean;;Ni; ;170;72;15;Ni;2;;;;;;;;;962;;;;;;;;;;;;;;;;;
675;QOZWAF_clean;;W,Ni;W;170;72;;W;6;Ni;2;;;;;;;962;;;;;;;;;;;;;;;;;
676;UZAFAD_clean;;Ni;Ni;170;72;81;Ni;2;;;;;;;;;962;;;;;;;;;;;;;;;;;
677;UZAFIL_clean;;Ni;Ni;170;72;65;Ni;2;;;;;;;;;962;;;;;;;;;;;;;;;;;
678;WIVFIS_clean;DISORDER;Ag;Ag;170;72;54;Ag;1;;;;;;;;;962;;;;;;;;;;;;;;;;;
681;KOQLUZ_clean;;W,Cu,Si;W,Cu;170;96;28;W;6;Cu;2;Si;-1;;;;;962;;;;;313;60966;;;;;;;;;;;
683;QAWPIO_clean;;Ni,V;V;170;96;76;Ni;2;V;4;;;;;;;962;;;;;176;313;;;;;;;;;;;
684;TAYNEN_clean;;Cd; ;170;96;45;Cd;2;;;;;;;;;962;;;;;14798;;;;;;;;;;;;
686;DUXKEN_clean;;Ni,V;Ni,V;170;120;;Ni;2;V;5;;;;;;;962;;;;;114931;;;;;;;;;;;;
691;INIRII_clean;;Tb,Ge;Tb,Ge;170;168;41;Tb;3;Ge;-1;;;;;;;962;;;;;;;;;;;;;;;;;
692;INIROO_clean;DISORDER;Dy,Ge;Dy,Ge;170;168;43;Dy;3;Ge;-1;;;;;;;962;;;;;;;;;;;;;;;;;
693;MUZGAQ_clean;;Dy,Zn;Dy,Zn;170;168;30;Dy;3;Zn;2;;;;;;;962;;;;;313;;;;;;;;;;;;
694;PIGXAF_clean;;Cd; ;170;168;42;Cd;2;;;;;;;;;6228;887;;;;;;;;;;;;;;;;
696;UFASAW_charged;;Cd; ;170;168;63;Cd;2;;;;;;;;;962;;;;;14797;;;;;;;;;;;;
697;UFASEA_ion_b;;Cd;Cd;170;168;21;Cd;2;;;;;;;;;962;;;;;14797;;;;;;;;;;;;
698;VAHQAY_clean;;Cu,Er;Cu;170;168;43;Cu;1;Er;3;;;;;;;962;;;;;;;;;;;;;;;;;
701;QIYBUX_clean;;Ag,Si;Ag;25;96;59;Ag;1;Si;-1;;;;;;;887;962;;;;;;;;;;;;;;;;
702;QIYCOS_clean;;Ag,Si;Ag;25;72;53;Ag;1;Si;-1;;;;;;;887;962;;;;;;;;;;;;;;;;
703;QIYCEI_clean;;Ag,Si;Ag;25;72;54;Ag;1;Si;-1;;;;;;;887;962;;;;;;;;;;;;;;;;
707;QIYCIM_clean;;Ag,Si;Ag;25;72;54;Ag;1;Si;-1;;;;;;;887;962;;;;;;;;;;;;;;;;
708;QIYCAE_clean;;Ag,Si;Ag;25;48;62;Ag;1;Si;-1;;;;;;;887;962;;;;;;;;;;;;;;;;
709;DOKHIV_clean;;Cu;Cu;180;12;30;Cu;2;;;;;;;;;702;962;;;;;;;;;;;;;;;;
710;DOKHOB_clean;;Cu;Cu;180;12;35;Cu;2;;;;;;;;;702;962;;;;;;;;;;;;;;;;
712;AZAVOO_clean;;Mg;Mg;120;24;;Mg;2;;;;;;;;;962;12051;702;;;;;;;;;;;;;;;
713;AZAVUU_clean;;Cu;Cu;100;18;;Cu;2;;;;;;;;;6228;962;;;;;;;;;;;;;;;;
714;AZAWAB_clean;;Cu;Cu;85;16;;Cu;2;;;;;;;;;12051;962;;;;;;;;;;;;;;;;
716;GOXMEN_clean;;Co; ;180;24;∼40;Co;2;;;;;;;;;962;;;;;14798;;;;;;;;;;;;
718;REYMOZ_clean;;Cu;Cu;180;24;87.6;Cu;2;;;;;;;;;962;;;;;;;;;;;;;;;;;
719;RIFGAQ_clean;;Cu;Cu;180;24;;Cu;2;;;;;;;;;962;;;;;;;;;;;;;;;;;
722;PUWCOZ_clean;;Ni;Ni;180;40;27;Ni;2;;;;;;;;;962;;;;;;;;;;;;;;;;;
723;HEBNIN_clean;;Zn,U;Zn,U;180;48;;Zn;2;U;3;;;;;;;962;;;;;944;;;;;;;;;;;;
725;WUCRUH_clean;;Fe;Fe;180;48;;Fe;2;;;;;;;;;962;;;;;14797;;;;;;;;;;;;
726;PUWCEP_charged;DISORDER;Cd; ;180;60;91;Cd;2;;;;;;;;;962;;;;;;;;;;;;;;;;;
728;ASUKEE01_clean;;Cu;Cu;180;72;;Cu;1;;;;;;;;;962;;;;;4875;;;;;;;;;;;;
729;DOKHUH_clean;;Cd;Cd;180;72;45;Cd;2;;;;;;;;;962;702;;;;;;;;;;;;;;;;
731;KEBDIG_charged;;Co; ;180;72;50;Co;2;;;;;;;;;702;962;;;;313;;;;;;;;;;;;
732;LEDCAA_clean;;Cd;Cd;180;72;79;Cd;2;;;;;;;;;962;;;;;;;;;;;;;;;;;
733;LISZOE_clean;;Li,Y;Li;180;72;12;Li;1;Y;3;;;;;;;702;962;;;;;;;;;;;;;;;;
734;NAGBUU_clean;;Co;Co;180;72;53;Co;2;;;;;;;;;962;;;;;8471;;;;;;;;;;;;
735;NEKMUN_clean;;Co; ;180;72;∼60;Co;2;;;;;;;;;962;;;;;;;;;;;;;;;;;
736;POKGEC_clean;;Ni;Ni;180;72;;Ni;2;;;;;;;;;962;;;;;14798;;;;;;;;;;;;
737;REYPIW_clean;;Zn; ;180;72;45;Zn;2;;;;;;;;;962;;;;;;;;;;;;;;;;;
739;UJEFOE01_clean;;Yb; ;180;72;29.3;Yb;3;;;;;;;;;962;;;;;313;;;;;;;;;;;;
740;VOVKUO_clean;;U;U;180;72;;U;4;;;;;;;;;962;;;;;;;;;;;;;;;;;
741;VOVLAV_clean;;U;U;180;72;;U;4;;;;;;;;;962;;;;;;;;;;;;;;;;;
742;WEGKIE_clean;;Cu;Cu;180;72;;Cu;2;;;;;;;;;962;;;;;60966;;;;;;;;;;;;
744;YOJMAN_clean;;W,Na,K,Co;W,Na,K,Co;180;72;35;W;6;Na;1;K;1;Co;2;;;962;;;;;14798;;;;;;;;;;;;
745;AQIQAU_clean;;Cd;Cd;180;96;;Cd;2;;;;;;;;;962;;;;;;;;;;;;;;;;;
747;HAZGOF_clean;;Sc; ;180;96;;Sc;3;;;;;;;;;962;;;;;1318;;;;;;;;;;;;
750;DEGPEL_charged;;Cu;Cu;180;120;25;Cu;2;;;;;;;;;962;;;;;;;;;;;;;;;;;
751;GAWKAS_clean;;Cu,Sm;Cu,Sm;180;120;26;Cu;1;Sm;3;;;;;;;962;;;;;24247;;;;;;;;;;;;
753;OXAMIK_clean;;Co;Co;180;120;75.6;Co;2;;;;;;;;;962;;;;;14798;;;;;;;;;;;;
755;XIFLOP_clean;;Cd; ;180;120;62;Cd;2;;;;;;;;;962;;;;;;;;;;;;;;;;;
756;XIFLUV_clean;DISORDER;Cd;Cd;180;120;53.6;Cd;2;;;;;;;;;702;962;;;;14798;;;;;;;;;;;;
757;NOQKUB_clean;;Co; ;180;144;64;Co;2;;;;;;;;;962;174;;;;;;;;;;;;;;;;
760;VUQLEZ_charged;;Eu; ;180;144;;Eu;3;;;;;;;;;6228;;;;;;;;;;;;;;;;;
761;ISUGIN_clean;;Gd; ;180;168;31;Gd;3;;;;;;;;;962;;;;;;;;;;;;;;;;;
762;MALWUU_clean;;Cd; ;180;168;41;Cd;2;;;;;;;;;962;;;;;;;;;;;;;;;;;
765;SAYKIO_clean;;U;U;180;168;56;U;3;;;;;;;;;962;;;;;;;;;;;;;;;;;
772;WURNOO_clean;;Cu; ;180;312;40;Cu;2;;;;;;;;;962;;;;;6417;;;;;;;;;;;;
776;UCOCUM_neutral;;Cu;Cu;200;16;25;Cu;2;;;;;;;;;962;;;;;60966;;;;;;;;;;;;
777;PENXUC_clean;;V;V;200;48;55;V;3;;;;;;;;;962;;;;;14917;;;;;;;;;;;;
780;HAWREE_clean;;Mn; ;200;72;33;Mn;2;;;;;;;;;6228;702;;;;;;;;;;;;;;;;
781;AXOHIE_clean;;Cd; ;200;96;39;Cd;2;;;;;;;;;962;;;;;2723922;;;;;;;;;;;;
783;XUGWAZ_clean;;Dy; ;200;240;33;Dy;3;;;;;;;;;962;;;;;;;;;;;;;;;;;
784;UTULUR_SL_part;;In; ;210;24;;In;3;;;;;;;;;962;;;;;;;;;;;;;;;;;
786;SAMXUC_clean;DISORDER;Sm; ;210;120;;Sm;3;;;;;;;;;962;;;;;;;;;;;;;;;;;
787;TEQVOC_clean;DISORDER;Ba,Zn;Ba,Zn;210;120;∼60;Ba;2;Zn;2;;;;;;;962;;;;;14923;;;;;;;;;;;;
788;MAYJOM_clean;;In; ;220;72;;In;3;;;;;;;;;962;;;;;14917;;;;;;;;;;;;
789;PUWXAH_clean;;Mn; ;220;72;52.8;Mn;2;;;;;;;;;962;;;;;14798;;;;;;;;;;;;
790;CABQEB_clean;;Co; ;255;120;85;Co;2;;;;;;;;;962;8028;;;;;;;;;;;;;;;;
791;DACSAE_clean;DISORDER;Cu;Cu;80;12;44;Cu;2;;;;;;;;;6228;887;962;;;313;;;;;;;;;;;;
792;DEJCEB_clean;;Zn;Zn;85;12;;Zn;2;;;;;;;;;6228;702;1049;;;;;;;;;;;;;;;
793;FUTTIZ_clean;;Zn;Zn;85;16;;Zn;2;;;;;;;;;6228;962;;;;;;;;;;;;;;;;
794;EHUSUX_clean;DISORDER;Cu;Cu;90;16;80;Cu;2;;;;;;;;;6228;962;;;;313;;;;;;;;;;;;
795;APUPEH_clean;;Cu;Cu;65;24;35;Cu;2;;;;;;;;;12051;887;949;;;;;;;;;;;;;;;
796;FUWQIZ_clean;DISORDER;Cu;Cu;80;24;68;Cu;2;;;;;;;;;6228;962;;;;313;;;;;;;;;;;;
797;HUNCIE_clean;DISORDER;Cu;Cu;80;24;;Cu;2;;;;;;;;;31374;962;;;;944;;;;;;;;;;;;
798;AJINOY_clean;;Cu;Cu;85;24;46;Cu;2;;;;;;;;;962;;;;;14798;;;;;;;;;;;;
799;EBAMUS_clean;;Cu;Cu;85;24;;Cu;2;;;;;;;;;6228;962;;;;;;;;;;;;;;;;
800;FATQID_clean;;Cu;Cu;85;24;;Cu;2;;;;;;;;;6228;;;;;944;;;;;;;;;;;;
801;NAWXER_clean;;Zn;Zn;85;24;;Zn;2;;;;;;;;;6228;702;;;;944;;;;;;;;;;;;
802;GAHWIX_clean;;Zn;Zn;95;24;83;Zn;2;;;;;;;;;6228;;;;;;;;;;;;;;;;;
803;LUPYAX_clean;;Zn;Zn;100;24;;Zn;2;;;;;;;;;6228;;;;;;;;;;;;;;;;;
804;OVUVIL_clean;DISORDER;Zn;Zn;110;24;;Zn;2;;;;;;;;;6228;;;;;;;;;;;;;;;;;
805;CAGSAG_clean;;Zn;Zn;120;24;80;Zn;2;;;;;;;;;6228;;;;;;;;;;;;;;;;;
808;QAKFIU_clean;;Zn;Zn;80;36;54;Zn;2;;;;;;;;;6228;962;;;;944;;;;;;;;;;;;
811;KIJRUS_clean;;Cu;Cu;60;48;;Cu;2;;;;;;;;;6228;962;;;;313;;;;;;;;;;;;
812;MOYYEF_clean;;Cu;Cu;60;48;80;Cu;2;;;;;;;;;6228;702;962;;;;;;;;;;;;;;;
813;BIDPOV_clean;;Cu;Cu;65;48;;Cu;2;;;;;;;;;6228;;;;;944;;;;;;;;;;;;
814;FAGREM_clean;;Zn;Zn;65;48;;Zn;2;;;;;;;;;12051;962;702;;;;;;;;;;;;;;;
815;ONIXOZ_clean;;Cu;Cu;65;48;69;Cu;2;;;;;;;;;6228;;;;;28118;;;;;;;;;;;;
816;WARXUL_clean;DISORDER;Cu;Cu;65;48;72;Cu;2;;;;;;;;;6228;962;;;;944;;;;;;;;;;;;
817;LUSYEF_clean;;Cu;Cu;70;48;75;Cu;2;;;;;;;;;6228;962;;;;944;;;;;;;;;;;;
818;PELRIJ_clean;;Cu;Cu;70;48;;Cu;2;;;;;;;;;6228;;;;;944;;;;;;;;;;;;
819;VIXPUP_clean;DISORDER;Cu;Cu;75;48;∼70;Cu;2;;;;;;;;;6228;702;962;;;944;;;;;;;;;;;;
820;FIHHOV_clean;DISORDER;Zn;Zn;80;48;10;Zn;2;;;;;;;;;6228;702;;;;944;;;;;;;;;;;;
822;NUBPIL_clean;;Cu;Cu;80;48;67;Cu;2;;;;;;;;;6228;962;;;;313;;;;;;;;;;;;
823;PEZCII_clean;;La;La;80;48;63;La;3;;;;;;;;;6228;887;962;;;;;;;;;;;;;;;
825;UXOHOG_clean;DISORDER;Cu;Cu;80;48;;Cu;2;;;;;;;;;31374;887;962;;;;;;;;;;;;;;;
826;JAJZAY_clean;DISORDER;Zn;Zn;85;48;63;Zn;2;;;;;;;;;6228;6342;;;;;;;;;;;;;;;;
827;NORPIV_clean;DISORDER;Zn;Zn;90;48;;Zn;2;;;;;;;;;6228;962;;;;944;;;;;;;;;;;;
829;IGINIX_clean;;Zn;Zn;100;48;95;Zn;2;;;;;;;;;6228;;;;;;;;;;;;;;;;;
830;IZEWAN_clean;;Zn;Zn;100;48;∼70;Zn;2;;;;;;;;;31275;962;;;;;;;;;;;;;;;;
833;MUZHUL_charged;;Zn;Zn;110;48;78;Zn;2;;;;;;;;;6228;;;;;;;;;;;;;;;;;
834;CIQQIE_clean;DISORDER;La;La;120;48;62;La;3;;;;;;;;;6228;;;;;243;;;;;;;;;;;;
837;LUMZEA_clean;;Cu;Cu;120;50;;Cu;2;;;;;;;;;962;;;;;;;;;;;;;;;;;
838;HOXSIY_clean;;Zn;Zn;100;60;;Zn;2;;;;;;;;;31374;962;;;;;;;;;;;;;;;;
840;GEGDED_clean;;Cu;Cu;60;72;;Cu;2;;;;;;;;;962;6228;;;;28118;;;;;;;;;;;;
843;ODUNEH_clean;;Zn;Zn;60;72;65;Zn;2;;;;;;;;;6228;702;;;;7912;;;;;;;;;;;;
844;DICKEH_clean;;Cu;Cu;65;72;73;Cu;2;;;;;;;;;6228;962;;;;28118;;;;;;;;;;;;
846;SITFUY_clean;DISORDER;Cu;Cu;65;72;73;Cu;2;;;;;;;;;6228;702;;;;;;;;;;;;;;;;
847;OGOJAX_clean;DISORDER;Cu;Cu;70;72;;Cu;2;;;;;;;;;6228;;;;;944;;;;;;;;;;;;
851;ODEZAB_clean;;Cu;Cu;80;72;;Cu;2;;;;;;;;;6228;962;;;;313;;;;;;;;;;;;
852;PORVID_clean;;Cu;Cu;80;72;;Cu;2;;;;;;;;;962;;;;;944;1176;;;;;;;;;;;
853;AVEQID_clean;;Zn;Zn;85;72;;Zn;2;;;;;;;;;31374;962;;;;944;;;;;;;;;;;;
854;MAYKOO_clean;;Cu;Cu;85;72;90;Cu;2;;;;;;;;;6228;31275;962;;;313;;;;;;;;;;;;
856;HAFSOZ_clean;;Zn;Zn;95;72;;Zn;2;;;;;;;;;31374;962;;;;;;;;;;;;;;;;
857;HUCSEF_clean;DISORDER;Cu;Cu;100;72;;Cu;2;;;;;;;;;31374;962;;;;944;;;;;;;;;;;;
859;WIKGII_clean;DISORDER;Zn;Zn;100;72;;Zn;2;;;;;;;;;6228;;;;;;;;;;;;;;;;;
860;PAQMAY_clean;DISORDER;Tb;Tb;105;72;;Tb;3;;;;;;;;;6228;;;;;944;;;;;;;;;;;;
861;HOFSUS_clean;;Zn;Zn;110;72;45;Zn;2;;;;;;;;;31374;962;;;;;;;;;;;;;;;;
863;LUZJAT_clean;;Zn;Zn;110;72;;Zn;2;;;;;;;;;6228;;;;;944;;;;;;;;;;;;
864;BADXAI_clean;DISORDER;Tb;Tb;120;72;89;Tb;3;;;;;;;;;962;6342;;;;;;;;;;;;;;;;
866;KUZZAI_clean;;Zn;Zn;120;72;60;Zn;2;;;;;;;;;31374;31254;;;;28118;;;;;;;;;;;;
867;NIYZIG_clean;;Zn;Zn;120;72;68;Zn;2;;;;;;;;;12051;702;962;;;;;;;;;;;;;;;
868;NUMPAO_clean;DISORDER;Zn;Zn;130;72;57;Zn;2;;;;;;;;;962;;;;;14798;;;;;;;;;;;;
869;QUQHEQ_clean;DISORDER;Zn;Zn;130;72;;Zn;2;;;;;;;;;962;887;;;;;;;;;;;;;;;;
872;DEMLAJ_clean;DISORDER;Cu;Cu;140;72;;Cu;1;;;;;;;;;6342;;;;;;;;;;;;;;;;;
878;KIVSUF_clean;DISORDER;Cu;Cu;150;72;33;Cu;2;;;;;;;;;962;;;;;8471;;;;;;;;;;;;
879;NIRDOI_clean;DISORDER;Zn;Zn;150;72;76.2;Zn;2;;;;;;;;;962;;;;;;;;;;;;;;;;;
881;NUCREJ_clean;;Zn;Zn;160;72;;Zn;2;;;;;;;;;962;;;;;14798;;;;;;;;;;;;
883;PEKZIP_clean;;Cu;Cu;180;72;;Cu;1;;;;;;;;;962;;;;;;;;;;;;;;;;;
884;BUPDOH_clean;DISORDER;Cu;Cu;80;96;63;Cu;2;;;;;;;;;6228;702;962;;;313;;;;;;;;;;;;
885;ERULEK_clean;;Zn;Zn;80;96;40;Zn;2;;;;;;;;;6228;;;;;;;;;;;;;;;;;
887;GUHMIH_clean;;Cu;Cu;120;96;;Cu;2;;;;;;;;;962;;;;;313;;;;;;;;;;;;
890;ERIWAF_clean;;Cu;Cu;80;108;40;Cu;2;;;;;;;;;6228;887;962;;;313;;;;;;;;;;;;
891;QUTDAM_clean;DISORDER;Cu;Cu;85;120;;Cu;2;;;;;;;;;6228;702;962;;;313;;;;;;;;;;;;
892;EXECAN_clean;DISORDER;Zn;Zn;100;120;75.6;Zn;2;;;;;;;;;31374;962;;;;944;;;;;;;;;;;;
893;HUVHIR_clean;;Zn;Zn;110;120;26;Zn;2;;;;;;;;;962;;;;;;;;;;;;;;;;;
894;FOJLOH_clean;;Zn;Zn;115;120;;Zn;2;;;;;;;;;6228;962;;;;;;;;;;;;;;;;
896;MAZSOX_clean;DISORDER;Zn;Zn;120;120;70;Zn;2;;;;;;;;;887;31374;;;;9261;;;;;;;;;;;;
898;LACJAC_clean;;Zn;Zn;140;120;65;Zn;2;;;;;;;;;962;;;;;;;;;;;;;;;;;
900;ETAXIH_clean;;Zn;Zn;180;120;∼54;Zn;2;;;;;;;;;962;;;;;;;;;;;;;;;;;
902;MIZKOW_clean;;Cu,La;Cu;170;168;39;Cu;1;La;3;;;;;;;962;;;;;176;;;;;;;;;;;;
903;NOSJIQ_charged;;Dy,Cu;Cu;170;168;32.22;Dy;3;Cu;1;;;;;;;962;;;;;313;284;;;;;;;;;;;
907;DACSEI_clean;DISORDER;Cu;Cu;80;36;44;Cu;2;;;;;;;;;6228;887;962;;;313;;;;;;;;;;;;
908;EHUTAE_clean;DISORDER;Cu;Cu;85;48;85;Cu;2;;;;;;;;;6228;962;;;;313;;;;;;;;;;;;
909;EKEMEO_clean;DISORDER;Cu;Cu;90;120;;Cu;2;;;;;;;;;6228;702;962;;;313;;;;;;;;;;;;
914;KOJZOZ_clean;DISORDER;Cu;Cu;85;20;76;Cu;2;;;;;;;;;6228;702;1049;;;;;;;;;;;;;;;
915;KUKQAK_clean;DISORDER;Cu;Cu;120;72;65;Cu;2;;;;;;;;;962;887;6342;;;;;;;;;;;;;;;
918;PEJMUO_clean;DISORDER;Cu;Cu;105;24;68;Cu;2;;;;;;;;;962;6342;;;;944;700;;;;;;;;;;;
920;RAHNUL_clean;DISORDER;Cu;Cu;85;18;80;Cu;2;;;;;;;;;6228;679;962;;;313;;;;;;;;;;;;
921;RAHPAT_clean;DISORDER;Cu;Cu;85;18;87;Cu;2;;;;;;;;;6228;962;;;;313;;;;;;;;;;;;
922;RUFZOJ_clean;DISORDER;Cu;Cu;60;72;45;Cu;2;;;;;;;;;6228;962;887;;;;;;;;;;;;;;;
923;SUNLAP_clean;DISORDER;Cu;Cu;80;336;42;Cu;2;;;;;;;;;6228;962;;;;222;;;;;;;;;;;;
927;ZOJWAY_clean;DISORDER;Cu;Cu;60;4;65;Cu;2;;;;;;;;;6228;962;;;;28118;;;;;;;;;;;;
928;ADASEF_clean;;Cu;Cu;75;40;;Cu;2;;;;;;;;;6228;;;;;;;;;;;;;;;;;
932;BEXVEH_clean;;Cu;Cu;80;48;52;Cu;2;;;;;;;;;31374;962;;;;944;;;;;;;;;;;;
933;BOWNUY_clean;;Cu;Cu;85;48;;Cu;2;;;;;;;;;6228;;;;;944;;;;;;;;;;;;
938;DARBUU_clean;;Cu;Cu;120;72;75;Cu;1;;;;;;;;;8028;;;;;;;;;;;;;;;;;
939;DEJCIF_clean;;Cu;Cu;85;12;;Cu;2;;;;;;;;;6228;702;;;;;;;;;;;;;;;;
942;EBATUZ_clean;;Cu;Cu;85;24;76;Cu;2;;;;;;;;;6228;;;;;28118;;;;;;;;;;;;
943;EBAVAH_auto;;Cu;Cu;85;24;65;Cu;2;;;;;;;;;6228;;;;;28118;;;;;;;;;;;;
944;EJOQUR_clean;;Cu;Cu;85;16;52;Cu;2;;;;;;;;;6228;962;;;;;;;;;;;;;;;;
945;ENESOH_clean;;Cu;Cu;85;96;34;Cu;2;;;;;;;;;962;887;;;;;;;;;;;;;;;;
947;EXOZIB_clean;;Cu;Cu;25;504;24;Cu;2;;;;;;;;;962;887;;;;10942334;;;;;;;;;;;;
949;FECXES_clean;;Cu;Cu;100;72;62;Cu;2;;;;;;;;;962;702;;;;944;;;;;;;;;;;;
954;GUJREK_clean;;Cu;Cu;140;5;72;Cu;2;;;;;;;;;962;6342;;;;;;;;;;;;;;;;
958;JUTCIM_clean;;Cu;Cu;85;24;76;Cu;2;;;;;;;;;31374;702;962;;;174;;;;;;;;;;;;
959;KADLOT_clean;;Cu;Cu;85;48;;Cu;2;;;;;;;;;6228;6342;;;;;;;;;;;;;;;;
960;KOMFUO_clean;;Cu;Cu;25;252;55;Cu;2;;;;;;;;;962;;;;;;;;;;;;;;;;;
961;LABJUV_clean;;Cu;Cu;175;72;48;Cu;1;;;;;;;;;6342;;;;;;;;;;;;;;;;;
963;LEVDIB_clean;;Cu;Cu;90;48;45;Cu;2;;;;;;;;;6228;702;962;;;313;;;;;;;;;;;;
964;LIKDOA_clean;;Cu;Cu;65;48;79;Cu;2;;;;;;;;;6228;962;;;;313;;;;;;;;;;;;
967;MUNDAC_clean;;Cu;Cu;85;48;65;Cu;1;;;;;;;;;6228;;;;;944;;;;;;;;;;;;
968;MUNDOQ_clean;;Cu;Cu;85;12;71;Cu;1;;;;;;;;;6228;;;;;28118;;;;;;;;;;;;
970;OYIVIC_clean;;Cu;Cu;90;72;61;Cu;2;;;;;;;;;6228;702;;;;;;;;;;;;;;;;
