filename;DISORDER;core_All_Metals;core_Open_Metal_Sites;temperature_Celsius;time_h;Yield_Percent;metal_ele1;metal_os1;counterions1;metal_ele2;metal_os2;counterions2;metal_ele3;metal_os3;counterions3;metal_ele4;metal_os4;counterions4;metal_ele5;metal_os5;counterions5;solvent1;solvent2;solvent3;solvent4;solvent5;additive1;additive2;additive3;additive4;additive5;other1;other2;other3;other4;other5;other6;other7;other8
OFODET_clean;;Mn;Mn;55;48;73;Mn;2;;;;;;;;;;;;;;962;6228;174;;;313;;;;;;;;;;;;
XAVKIR_clean;;Cu;Cu;55;120;∼50.6;Cu;2;;;;;;;;;;;;;;962;6228;;;;313;;;;;;;;;;;;
RORVAX_clean;;Co;Co;60;18;;Co;2;;;;;;;;;;;;;;887;;;;;;;;;;;;;;;;;
LATPIG_clean;;Zn; ;60;24;68;Zn;2;;;;;;;;;;;;;;962;;;;;;;;;;;;;;;;;
MOYYIJ_clean;;Cu;Cu;60;48;80;Cu;2;;;;;;;;;;;;;;962;6228;702;;;;;;;;;;;;;;;
OFOCUI_clean;;Cu;Cu;60;48;61;Cu;2;;;;;;;;;;;;;;962;6228;702;;;944;;;;;;;;;;;;
ALATAK_clean;;Ca;Ca;60;72;;Ca;2;;;;;;;;;;;;;;962;;;;;;;;;;;;;;;;;
RUFZID_clean;;Cu;Cu;60;72;;Cu;2;;;;;;;;;;;;;;962;6228;887;;;;;;;;;;;;;;;
OPENUT_clean;;Eu;Eu;60;96;42;Eu;3;;;;;;;;;;;;;;962;6228;;;;;;;;;;;;;;;;
INOVEN_clean;;Gd;Gd;60;168;45;Gd;3;;;;;;;;;;;;;;6228;702;;;;;;;;;;;;;;;;
YEMJAC_clean;;Dy; ;60;168;76;Dy;3;;;;;;;;;;;;;;6228;702;;;;944;;;;;;;;;;;;
QUQFIS_clean;;Zn;Zn;65;24;59.2;Zn;2;;;;;;;;;;;;;;962;6228;887;;;;;;;;;;;;;;;
QUQFOY_clean;;Cd;Cd;65;24;57.2;Cd;2;;;;;;;;;;;;;;6228;702;;;;;;;;;;;;;;;;
YUGLES_clean;;Cu;Cu;65;24;;Cu;2;;;;;;;;;;;;;;6228;679;;;;944;;;;;;;;;;;;
EBUREA_clean;;Mn;Mn;65;48;20;Mn;2;;;;;;;;;;;;;;962;;;;;;;;;;;;;;;;;
LIKGUJ_clean;;Cu;Cu;65;48;75;Cu;2;;;;;;;;;;;;;;962;6228;;;;313;;;;;;;;;;;;
QOZPEC_clean;DISORDER;Cd;Cd;65;48;50;Cd;2;;;;;;;;;;;;;;962;6228;887;;;28118;;;;;;;;;;;;
QOZPIG_clean;;Cd; ;65;48;39;Cd;2;;;;;;;;;;;;;;6228;;;;;28118;;;;;;;;;;;;
GERWEH_clean;;Cu,Si;Cu;70;72;30;Cu;2;;Si;-1;;;;;;;;;;;962;6228;;;;;;;;;;;;;;;;
PUWDAM_clean;;Zn; ;70;72;63;Zn;2;;;;;;;;;;;;;;962;6228;702;;;;;;;;;;;;;;;
RUGZAW_clean;;Zn;Zn;70;72;;Zn;2;;;;;;;;;;;;;;962;6228;702;;;;;;;;;;;;;;;
YAVWUQ_clean;;Cu;Cu;70;96;;Cu;2;;;;;;;;;;;;;;6228;;;;;313;;;;;;;;;;;;
LELROL_clean;;Mn;Mn;70;192;;Mn;2;;;;;;;;;;;;;;6228;887;;;;;;;;;;;;;;;;
XUGROI_clean;;Cu;Cu;75;24;42;Cu;2;;;;;;;;;;;;;;962;6228;;;;313;;;;;;;;;;;;
YAFJEX_clean;DISORDER;Cu;Cu;75;24;;Cu;2;;;;;;;;;;;;;;6228;;;;;28118;;;;;;;;;;;;
ZIKJOU_clean;;Cu;Cu;75;30;42;Cu;2;;;;;;;;;;;;;;6228;887;;;;28118;;;;;;;;;;;;
ZIKJIO_clean;;Cu;Cu;75;36;39;Cu;2;;;;;;;;;;;;;;6228;;;;;28118;;;;;;;;;;;;
DOZCEC_clean;;Mn;Mn;75;48;51;Mn;3;;;;;;;;;;;;;;12051;887;;;;313;;;;;;;;;;;;
ECIWIW_clean;;Cd;Cd;75;48;53;Cd;2;;;;;;;;;;;;;;702;;;;;;;;;;;;;;;;;
HOZTOG_clean;;W,Cu; ;75;48;32;W;6;;Cu;1;;;;;;;;;;;6228;6342;;;;;;;;;;;;;;;;
LUCKAX_clean;DISORDER;Cd;Cd;75;48;60;Cd;2;;;;;;;;;;;;;;962;6228;702;;;;;;;;;;;;;;;
BOWSOW_clean;DISORDER;V;V;80;12;66;V;2;;;;;;;;;;;;;;962;;;;;3084169;;;;;;;;;;;;
CAYQUQ_clean;DISORDER;Cu;Cu;80;18;;Cu;2;;;;;;;;;;;;;;962;6228;;;;313;;;;;;;;;;;;
BAZFUF01_clean;;Cu;Cu;80;24;;Cu;2;;;;;;;;;;;;;;1049;6228;702;;;243;;;;;;;;;;;;
EKUPEG_clean;;Cu;Cu;80;24;75;Cu;2;;;;;;;;;;;;;;962;679;;;;;;;;;;;;;;;;
HOZFIN_clean;DISORDER;Li;Li;80;24;;Li;1;;;;;;;;;;;;;;31275;;;;;;;;;;;;;;;;;
REDROI_clean;;Zn; ;80;24;90;Zn;2;;;;;;;;;;;;;;6228;;;;;;;;;;;;;;;;;
SUKYIH_clean;;Cu;Cu;80;24;;Cu;2;;;;;;;;;;;;;;962;;;;;313;;;;;;;;;;;;
TANMIH_clean;;Co;Co;80;24;60;Co;2;;;;;;;;;;;;;;962;12051;;;;;;;;;;;;;;;;
UXISUR_clean;;Cu;Cu;80;24;58;Cu;2;;;;;;;;;;;;;;962;702;;;;;;;;;;;;;;;;
WOGHEG_clean;;Zn;Zn;80;24;60;Zn;2;;;;;;;;;;;;;;6228;;;;;;;;;;;;;;;;;
ZEBMAW_clean;;Si,Ce;Ce;80;24;25-30;Si;-1;;Ce;3;;;;;;;;;;;962;6228;;;;;;;;;;;;;;;;
ZEBMEA_clean;DISORDER;Eu,Si;Eu;80;24;75-80;Eu;3;;Si;-1;;;;;;;;;;;962;6228;702;;;;;;;;;;;;;;;
ADASAB_charged;;Cu;Cu;80;40;;;;;;;;;;;;;;;;;6228;;;;;;;;;;;;;;;;;
APAZOI_clean;;La;La;80;48;39;La;3;;;;;;;;;;;;;;962;6228;887;;;;;;;;;;;;;;;
BOSHIC_clean;DISORDER;Cu;Cu;80;48;65;Cu;2;;;;;;;;;;;;;;962;6228;6342;;;313;;;;;;;;;;;;
CAYQIE_clean;DISORDER;Cu;Cu;80;48;;Cu;2;;;;;;;;;;;;;;962;12051;;;;313;;;;;;;;;;;;
CIMTEZ_charged;;Nd; ;80;48;;Nd;3;;;;;;;;;;;;;;8028;702;6228;;;;;;;;;;;;;;;
DIVSUY_clean;;Eu;Eu;80;48;57;Eu;3;;;;;;;;;;;;;;962;6228;702;;;;;;;;;;;;;;;
GABYUG_clean;DISORDER;Cd; ;80;48;;Cd;2;;;;;;;;;;;;;;6228;887;;;;313;;;;;;;;;;;;
GAXKOH_clean;;Cd,K;Cd;80;48;60;Cd;2;;K;1;;;;;;;;;;;6228;;;;;944;;;;;;;;;;;;
IFUPAC_clean;DISORDER;Eu;Eu;80;48;;Eu;3;;;;;;;;;;;;;;962;6228;702;;;;;;;;;;;;;;;
OQETEK_clean;;Yb;Yb;80;48;;Yb;3;;;;;;;;;;;;;;962;6228;702;;;;;;;;;;;;;;;
QEBKUF_SL;;Zn; ;80;48;;Zn;2;;;;;;;;;;;;;;962;6228;;;;313;;;;;;;;;;;;
TEMPAE_clean;;Zn; ;80;48;64;Zn;2;;;;;;;;;;;;;;6228;;;;;;;;;;;;;;;;;
TORPUN_clean;;Tb; ;80;48;;Tb;3;;;;;;;;;;;;;;962;6228;702;;;;;;;;;;;;;;;
ZUDQUM_clean;;Mn; ;80;48;;Mn;2;;;;;;;;;;;;;;962;6228;;;;;;;;;;;;;;;;
AQIXUV_clean;;Ni;Ni;80;72;48;Ni;2;;;;;;;;;;;;;;962;6228;;;;;;;;;;;;;;;;
BUSRUE_clean;;Cd; ;80;72;88;Cd;2;;;;;;;;;;;;;;6228;;;;;;;;;;;;;;;;;
CUYQIX_clean;;Zn;Zn;80;72;39;Zn;2;;;;;;;;;;;;;;962;;;;;;;;;;;;;;;;;
EJOQOL_clean;;Cu,K;Cu,K;80;72;55;Cu;2;;K;1;;;;;;;;;;;962;6228;;;;;;;;;;;;;;;;
GOVWOF_clean;;Mn;Mn;80;72;45;Mn;2;;;;;;;;;;;;;;12051;;;;;;;;;;;;;;;;;
HAJDII_clean;;Tb; ;80;72;;Tb;3;;;;;;;;;;;;;;962;6228;;;;;;;;;;;;;;;;
HOVQAM_clean;;Co; ;80;72;33;Co;2;;;;;;;;;;;;;;962;;;;;14798;;;;;;;;;;;;
HUCFAO_clean;;Mn; ;80;72;36;Mn;2;;;;;;;;;;;;;;962;31374;887;;;;;;;;;;;;;;;
ILAGUY_charged;;Cd; ;80;72;67;Cd;2;;;;;;;;;;;;;;962;;;;;;;;;;;;;;;;;
IVARUT_clean;;Cd; ;80;72;36;Cd;2;;;;;;;;;;;;;;962;;;;;;;;;;;;;;;;;
KEWBUL_clean;;Eu;Eu;80;72;72;Eu;3;;;;;;;;;;;;;;962;6228;702;;;;;;;;;;;;;;;
LAWHOJ_clean;;Cd;Cd;80;72;72;Cd;2;;;;;;;;;;;;;;962;6228;702;;;;;;;;;;;;;;;
LIDSIC_clean;DISORDER;Co;Co;80;72;;Co;2;;;;;;;;;;;;;;962;702;6228;;;;;;;;;;;;;;;
MATPOP_clean;;Tb,Zn;Tb,Zn;80;72;50;Tb;3;;Zn;2;;;;;;;;;;;962;31374;;;;;;;;;;;;;;;;
MATPUV_clean;;Tb,Co;Tb,Co;80;72;50;Tb;3;;Co;2;;;;;;;;;;;962;31374;;;;;;;;;;;;;;;;
MOTVOI_clean;;Eu;Eu;80;72;74;Eu;3;;;;;;;;;;;;;;962;6228;6342;702;;;;;;;;;;;;;;
NAHHOW_clean;DISORDER;Cu;Cu;80;72;56;Cu;2;;;;;;;;;;;;;;962;6228;6342;;;313;;;;;;;;;;;;
SUKKUG_clean;DISORDER;Cu;Cu;80;72;53;Cu;2;;;;;;;;;;;;;;962;6228;6342;;;313;;;;;;;;;;;;
USORUR_clean;;Zn;Zn;80;72;82;Zn;2;;;;;;;;;;;;;;962;;;;;;;;;;;;;;;;;
VEZWEE_clean;;Mn;Mn;80;72;20;Mn;2;;;;;;;;;;;;;;962;887;;;;;;;;;;;;;;;;
VOGPEO_clean;;Cu;Cu;80;72;;Cu;2;;;;;;;;;;;;;;962;6228;;;;944;;;;;;;;;;;;
VOQXIK_clean;DISORDER;Li;Li;80;72;;Li;1;;;;;;;;;;;;;;702;13387;;;;;;;;;;;;;;;;
ZUDQEW_clean;;Cd;Cd;80;72;;Cd;2;;;;;;;;;;;;;;962;6228;;;;;;;;;;;;;;;;
ZUDRAT_clean;;Mn;Mn;80;72;;Mn;2;;;;;;;;;;;;;;962;6228;;;;;;;;;;;;;;;;
NAWDUN_clean;;Cu;Cu;80;96;70;Cu;2;;;;;;;;;;;;;;962;6228;702;;;313;;;;;;;;;;;;
DIMQIB_clean;DISORDER;Co;Co;80;120;;Co;2;;;;;;;;;;;;;;6228;6342;;;;;;;;;;;;;;;;
FIVYEP_clean;;K,U;K;80;168;;K;1;;U;4;;;;;;;;;;;962;702;;;;;;;;;;;;;;;;
UBIPAY_clean;;Mn;Mn;80;240;44.2;Mn;2;;;;;;;;;;;;;;962;6228;;;;;;;;;;;;;;;;
AVAQIX_clean;;Cd;Cd;80;504;43;Cd;2;;;;;;;;;;;;;;6228;;;;;;;;;;;;;;;;;
ADASOP_clean;;Zn;Zn;85;12;;Zn;2;;;;;;;;;;;;;;6228;13387;;;;;;;;;;;;;;;;
ADATIK_clean;;Cu;Cu;85;12;;Cu;2;;;;;;;;;;;;;;6228;;;;;;;;;;;;;;;;;
RIDCEN_charged;;In; ;85;12;72;In;3;;;;;;;;;;;;;;6228;6342;;;;944;;;;;;;;;;;;
RUVKAV_clean;;Cu;Cu;85;12;64;Cu;2;;;;;;;;;;;;;;962;6228;702;;;944;;;;;;;;;;;;
ZOGBAA_clean;DISORDER;In; ;85;12;;In;3;;;;;;;;;;;;;;6228;;;;;944;;;;;;;;;;;;
WIJXIY_clean;;Zn;Zn;85;16;;Zn;2;;;;;;;;;;;;;;12051;;;;;;;;;;;;;;;;;
EYACOX_clean;;Eu;Eu;85;17;;Eu;3;;;;;;;;;;;;;;6228;887;;;;944;;;;;;;;;;;;
AROFAP_clean;;Cd;Cd;85;24;81;Cd;2;;;;;;;;;;;;;;962;6228;;;;;;;;;;;;;;;;
DOZKIO_clean;;Eu;Eu;85;24;80;Eu;3;;;;;;;;;;;;;;962;6228;;;;944;;;;;;;;;;;;
EXAXAE_clean;;Cu;Cu;85;24;;Cu;1;;;;;;;;;;;;;;6228;;;;;944;;;;;;;;;;;;
OVEDAW_clean;DISORDER;Cu;Cu;85;24;;Cu;1;;;;;;;;;;;;;;6228;;;;;944;;;;;;;;;;;;
QIPROY_clean;;Cu;Cu;85;24;75;Cu;2;;;;;;;;;;;;;;962;;;;;971;;;;;;;;;;;;
YUMFUJ_clean;;La;La;85;24;;La;3;;;;;;;;;;;;;;962;679;;;;;;;;;;;;;;;;
ADARAA_clean;;Co;Co;85;48;70;Co;2;;;;;;;;;;;;;;962;702;6228;;;;;;;;;;;;;;;
BAZFUF_clean;;Cu;Cu;85;48;33;Cu;2;;;;;;;;;;;;;;1049;6228;13387;;;;;;;;;;;;;;;
BAZGAM_clean;;Cu;Cu;85;48;77;Cu;2;;;;;;;;;;;;;;1049;6228;13387;;;;;;;;;;;;;;;
BAZGEQ_clean;;Cu;Cu;85;48;26;Cu;2;;;;;;;;;;;;;;6228;13387;;;;;;;;;;;;;;;;
CEJBEA_clean;;Dy; ;85;48;;Dy;3;;;;;;;;;;;;;;962;6228;702;;;;;;;;;;;;;;;
FAGQAI_clean;;Cu;Cu;85;48;5-10;Cu;2;;;;;;;;;;;;;;6228;;;;;;;;;;;;;;;;;
FIHHUB_SL;DISORDER;Cd; ;85;48;15;Cd;2;;;;;;;;;;;;;;6228;702;;;;944;;;;;;;;;;;;
KUHNEI_clean;;Co;Co;85;48;31;Co;2;;;;;;;;;;;;;;962;;;;;;;;;;;;;;;;;
UMAROR_clean;;Ag;Ag;85;48;36;Ag;1;;;;;;;;;;;;;;6228;;;;;;;;;;;;;;;;;
WISVEB_clean;;Cd;Cd;85;48;;Cd;2;;;;;;;;;;;;;;962;31374;;;;944;;;;;;;;;;;;
AROFET_clean;;Cd;Cd;85;72;52;Cd;2;;;;;;;;;;;;;;6228;;;;;;;;;;;;;;;;;
ECOLEP_clean;;Co;Co;85;72;40.2;Co;2;;;;;;;;;;;;;;887;31374;;;;;;;;;;;;;;;;
FIPKOG01_clean;;Cd; ;85;72;;Cd;2;;;;;;;;;;;;;;962;6228;;;;944;;;;;;;;;;;;
NAJQUN_clean;;Mn;Mn;85;72;40;Mn;2;;;;;;;;;;;;;;962;6228;;;;;;;;;;;;;;;;
NATFAS_clean;;Zn; ;85;72;40;Zn;2;;;;;;;;;;;;;;962;6228;702;;;;;;;;;;;;;;;
NIMPEG01_clean;;Cu;Cu;85;72;;Cu;2;;;;;;;;;;;;;;31374;;;;;28118;;;;;;;;;;;;
NIMPOQ_clean;;Cu;Cu;85;72;;Cu;2;;;;;;;;;;;;;;31374;;;;;28118;;;;;;;;;;;;
VIXTUT_clean;;Zn;Zn;85;72;23;Zn;2;;;;;;;;;;;;;;6228;;;;;;;;;;;;;;;;;
WIPLOY_clean;;Eu;Eu;85;72;47;Eu;3;;;;;;;;;;;;;;962;6228;;;;;;;;;;;;;;;;
WOPHIU01_clean;;Zn;Zn;85;72;40.1;Zn;2;;;;;;;;;;;;;;962;6228;;;;;;;;;;;;;;;;
WOPHIU_clean;;Zn;Zn;85;72;49.0;Zn;2;;;;;;;;;;;;;;962;6228;;;;;;;;;;;;;;;;
YICGOI_clean;;Co;Co;85;72;56;Co;2;;;;;;;;;;;;;;962;6228;6342;;;;;;;;;;;;;;;
YIZJEY_clean;DISORDER;Zn; ;85;72;80;Zn;2;;;;;;;;;;;;;;962;6228;;;;;;;;;;;;;;;;
KIKFIV_clean;;Eu;Eu;85;96;36;Eu;3;;;;;;;;;;;;;;962;;;;;944;;;;;;;;;;;;
OYIVEY_clean;;Cu;Cu;85;96;54;Cu;2;;;;;;;;;;;;;;6228;702;;;;;;;;;;;;;;;;
TEZKAM_clean;;Zn;Zn;85;96;;Zn;2;;;;;;;;;;;;;;6228;;;;;;;;;;;;;;;;;
USOXEH_clean;;Cu,Zn;Cu;85;96;65;Cu;2;;Zn;2;;;;;;;;;;;962;6228;887;;;176;;;;;;;;;;;;
MURBEI_clean;;In; ;85;120;;In;3;;;;;;;;;;;;;;12051;;;;;944;;;;;;;;;;;;
KUNMUD_clean;;Cd; ;90;20;63;Cd;2;;;;;;;;;;;;;;962;887;;;;;;;;;;;;;;;;
UKOLOV_clean;DISORDER;Zn; ;90;20;55;Zn;2;;;;;;;;;;;;;;962;6228;702;;;;;;;;;;;;;;;
BINROH_clean;;Cu;Cu;90;24;71;Cu;2;;;;;;;;;;;;;;962;12051;6228;;;313;;;;;;;;;;;;
DINNIZ_clean;;Mn;Mn;90;24;30;Mn;2;;;;;;;;;;;;;;6228;702;;;;;;;;;;;;;;;;
FECYIX_clean;;Co;Co;90;24;10.5;Co;2;;;;;;;;;;;;;;962;;;;;;;;;;;;;;;;;
FIGQUJ_clean;;Cu; ;90;24;39;Cu;2;;;;;;;;;;;;;;962;;;;;;;;;;;;;;;;;
IZEFEZ_charged;;Cd; ;90;24;62;Cd;2;;;;;;;;;;;;;;6228;702;;;;;;;;;;;;;;;;
PUWDOA_clean;;Zn;Zn;90;24;;Zn;2;;;;;;;;;;;;;;962;6228;702;;;;;;;;;;;;;;;
UWUTIQ_clean;;Zn; ;90;24;82;Zn;2;;;;;;;;;;;;;;6228;;;;;;;;;;;;;;;;;
UXUYUI_clean;;Li;Li;90;24;;Li;1;;;;;;;;;;;;;;887;;;;;;;;;;;;;;;;;
VIDJID_clean;DISORDER;Co;Co;90;24;18;Co;2;;;;;;;;;;;;;;962;6228;702;;;;;;;;;;;;;;;
YONNAR_clean;;Zn;Zn;90;40;;Zn;2;;;;;;;;;;;;;;962;12051;;;;;;;;;;;;;;;;
AJOTEY_clean;;V;V;90;48;;V;5;;;;;;;;;;;;;;962;;;;;3084169;;;;;;;;;;;;
HISGIB_clean;;Cs;Cs;90;48;38.17;Cs;1;;;;;;;;;;;;;;962;6228;702;;;;;;;;;;;;;;;
OMUSAS_clean;;Zn;Zn;90;48;;Zn;2;;;;;;;;;;;;;;6228;887;;;;;;;;;;;;;;;;
ROTQIC_clean;;Zn;Zn;90;48;70;Zn;2;;;;;;;;;;;;;;6228;702;;;;;;;;;;;;;;;;
SUKMAO_clean;DISORDER;Cu;Cu;90;48;60;Cu;2;;;;;;;;;;;;;;962;6228;887;;;313;;;;;;;;;;;;
TAPHOJ_clean;;Zn; ;90;48;46;Zn;2;;;;;;;;;;;;;;962;;;;;14798;;;;;;;;;;;;
TOHMIO_clean;DISORDER;Eu;Eu;90;48;54;Eu;3;;;;;;;;;;;;;;6228;679;;;;;;;;;;;;;;;;
XOTSEG_clean;;Mn;Mn;90;48;50;Mn;2;;;;;;;;;;;;;;6228;;;;;;;;;;;;;;;;;
YIJCEB_clean;DISORDER;Ni;Ni;90;48;;Ni;2;;;;;;;;;;;;;;962;679;;;;14923;222;;;;;;;;;;;
QOJKAB_clean;;Zn; ;90;68;38;Zn;2;;;;;;;;;;;;;;962;;;;;;;;;;;;;;;;;
AVESOL_clean;;Zn;Zn;90;72;65;Zn;2;;;;;;;;;;;;;;962;6228;;;;313;;;;;;;;;;;;
AVETAY_clean;DISORDER;Zn;Zn;90;72;70;Zn;2;;;;;;;;;;;;;;962;6228;;;;313;;;;;;;;;;;;
AVETEC_clean;;Cd; ;90;72;58;Cd;2;;;;;;;;;;;;;;962;6228;;;;313;;;;;;;;;;;;
BUCWAZ_clean;;Cd;Cd;90;72;69;Cd;2;;;;;;;;;;;;;;962;31374;;;;;;;;;;;;;;;;
GALCAZ_clean;;Zn;Zn;90;72;43;Zn;2;;;;;;;;;;;;;;6228;702;;;;8471;;;;;;;;;;;;
LASWIN_clean;;Co;Co;90;72;47;Co;2;;;;;;;;;;;;;;6228;;;;;;;;;;;;;;;;;
OKIPOO_clean;;Co;Co;90;72;66;Co;2;;;;;;;;;;;;;;962;6228;;;;;;;;;;;;;;;;
OKIPUU_clean;;Cd; ;90;72;76;Cd;2;;;;;;;;;;;;;;962;6228;;;;;;;;;;;;;;;;
REYPES_clean;;Zn;Zn;90;72;32;Zn;2;;;;;;;;;;;;;;962;;;;;;;;;;;;;;;;;
VAXVEX_charged;;Cd; ;90;72;;Cd;2;;;;;;;;;;;;;;962;887;;;;;;;;;;;;;;;;
WUSLED_clean;;U;U;90;72;48.5;U;4;;;;;;;;;;;;;;962;6228;;;;;;;;;;;;;;;;
XOLGEM_clean;;Li,Co; ;90;72;40;Li;1;;Co;2;;;;;;;;;;;962;6228;;;;222;8471;;;;;;;;;;;
OWUWUA_clean;;Na,Fe,Zn;Na,Zn;90;96;23;Na;1;;Fe;3;;Zn;2;;;;;;;;962;6228;;;;;;;;;;;;;;;;
WOWGUK_clean;;Zn; ;90;96;;Zn;2;;;;;;;;;;;;;;174;;;;;1004;;;;;;;;;;;;
SERCEZ_clean;;Zn;Zn;95;16;50;Zn;2;;;;;;;;;;;;;;962;6228;;;;;;;;;;;;;;;;
IKUTIT_clean;;Dy;Dy;95;24;31;Dy;3;;;;;;;;;;;;;;6228;;;;;;;;;;;;;;;;;
IKUTOZ_clean;;Dy;Dy;95;24;45;Dy;3;;;;;;;;;;;;;;6228;;;;;;;;;;;;;;;;;
IKUTUF_clean;;Dy;Dy;95;24;29;Dy;3;;;;;;;;;;;;;;6228;;;;;;;;;;;;;;;;;
YOZQAG_charged;;Zn;Zn;95;24;;Zn;2;;;;;;;;;;;;;;962;6228;;;;;;;;;;;;;;;;
YOZQEK_clean;;Zn;Zn;95;24;;Zn;2;;;;;;;;;;;;;;6228;;;;;;;;;;;;;;;;;
ACAKUM_clean;;La;La;95;72;;La;3;;;;;;;;;;;;;;962;;;;;;;;;;;;;;;;;
ACALIB_clean;;Er;Er;95;72;;Er;3;;;;;;;;;;;;;;962;;;;;;;;;;;;;;;;;
AJAMEF_clean;;Co;Co;95;72;67;Co;2;;;;;;;;;;;;;;962;6342;31374;;;;;;;;;;;;;;;
HEDTER_clean;;Ni;Ni;95;72;52;Ni;2;;;;;;;;;;;;;;962;6228;6342;;;;;;;;;;;;;;;
MICDEJ_clean;;Mn;Mn;95;72;66;Mn;2;;;;;;;;;;;;;;962;6228;;;;;;;;;;;;;;;;
SARNOQ_clean;;Zn; ;95;72;;Zn;2;;;;;;;;;;;;;;31374;;;;;;;;;;;;;;;;;
ZIDVAL_clean;;Mn;Mn;95;72;;Mn;2;;;;;;;;;;;;;;962;6228;;;;;;;;;;;;;;;;
ZOFZUR_clean;;Mn;Mn;95;72;;Mn;2;;;;;;;;;;;;;;6228;;;;;944;;;;;;;;;;;;
BOWZUK_clean;;Zn;Zn;100;12;64;Zn;2;;;;;;;;;;;;;;962;6228;887;;;;;;;;;;;;;;;
ANUGIA_clean;;Cu;Cu;100;18;82;Cu;2;;;;;;;;;;;;;;962;31275;6228;;;313;;;;;;;;;;;;
ANUGOG_clean;;Cu;Cu;100;18;55;Cu;2;;;;;;;;;;;;;;962;31275;13387;;;;;;;;;;;;;;;
LENKIA_clean;;Cu;Cu;100;18;;Cu;2;;;;;;;;;;;;;;962;6228;;;;;;;;;;;;;;;;
VALVAI_clean;;Yb;Yb;100;20;;Yb;3;;;;;;;;;;;;;;962;6228;;;;;;;;;;;;;;;;
COJGEO_clean;;Cu,Zn;Cu,Zn;100;24;;Cu;2;;Zn;2;;;;;;;;;;;962;6228;;;;;;;;;;;;;;;;
DUPJAB_clean;;Cd;Cd;100;24;;Cd;2;;;;;;;;;;;;;;962;6228;;;;;;;;;;;;;;;;
EKEKIQ_clean;DISORDER;Zn; ;100;24;;Zn;2;;;;;;;;;;;;;;962;6228;;;;;;;;;;;;;;;;
EKEKOW_clean;DISORDER;Zn;Zn;100;24;;Zn;2;;;;;;;;;;;;;;962;6228;702;;;;;;;;;;;;;;;
EXOTUH_SL;;Cd; ;100;24;;Cd;2;;;;;;;;;;;;;;6228;;;;;;;;;;;;;;;;;
GUSJOU_clean;;Mn,Ge;Mn;100;24;43;Mn;2;;Ge;-1;;;;;;;;;;;6228;887;;;;;;;;;;;;;;;;
QAMHAQ_clean;DISORDER;Zn; ;100;24;;Zn;2;;;;;;;;;;;;;;962;6228;;;;;;;;;;;;;;;;
TILHAZ_clean;;Co;Co;100;24;50;Co;2;;;;;;;;;;;;;;6228;702;;;;;;;;;;;;;;;;
WOBHOM_clean;;Zn;Zn;100;24;;Zn;2;;;;;;;;;;;;;;6228;702;;;;;;;;;;;;;;;;
YODRAM_clean;;Co;Co;100;24;88;Co;2;;;;;;;;;;;;;;6228;702;;;;;;;;;;;;;;;;
GOBSUM_clean;;Co;Co;100;36;;Co;2;;;;;;;;;;;;;;6228;6342;;;;;;;;;;;;;;;;
AJAKON_clean;;Cd;Cd;100;40;67.8;Cd;2;;;;;;;;;;;;;;962;702;31374;;;28118;;;;;;;;;;;;
DAMZEZ_clean;;Cd; ;100;48;65;Cd;2;;;;;;;;;;;;;;6228;;;;;944;;;;;;;;;;;;
EXEMUR_clean;;Cd; ;100;48;60;Cd;2;;;;;;;;;;;;;;962;31275;6228;;;;;;;;;;;;;;;
GETXAG_clean;;Co;Co;100;48;63;Co;2;;;;;;;;;;;;;;962;;;;;14798;;;;;;;;;;;;
HIHGAI_clean;;Eu,Si;Eu;100;48;34;Eu;3;;Si;-1;;;;;;;;;;;6228;;;;;313;;;;;;;;;;;;
IWAHUK_clean;DISORDER;Zn;Zn;100;48;64;Zn;2;;;;;;;;;;;;;;6228;;;;;;;;;;;;;;;;;
LAZJIH_clean;;Zn; ;100;48;78;Zn;2;;;;;;;;;;;;;;962;6228;;;;;;;;;;;;;;;;
PASNAA01_clean;;Co;Co;100;48;;Co;2;;;;;;;;;;;;;;962;;;;;14798;;;;;;;;;;;;
PENYOX_clean;DISORDER;V;V;100;48;75;V;3;;;;;;;;;;;;;;962;;;;;;;;;;;;;;;;;
PEQTUB_clean;DISORDER;Bi;Bi;100;48;12;Bi;3;;;;;;;;;;;;;;962;;;;;8471;;;;;;;;;;;;
PUWCIT_clean;DISORDER;Zn;Zn;100;48;57;Zn;2;;;;;;;;;;;;;;962;6228;702;;;;;;;;;;;;;;;
PUZTOV_clean;;Ca,Cd;Cd;100;48;;Ca;2;;Cd;2;;;;;;;;;;;962;6228;;;;;;;;;;;;;;;;
QUFKIN_clean;;Co;Co;100;48;25;Co;2;;;;;;;;;;;;;;962;;;;;;;;;;;;;;;;;
SODQOT_clean;;Cu;Cu;100;48;;Cu;2;;;;;;;;;;;;;;31374;;;;;944;;;;;;;;;;;;
UWOWAF_clean;;Mn;Mn;100;48;60;Mn;2;;;;;;;;;;;;;;702;6228;;;;;;;;;;;;;;;;
VOLPET_clean;;Zn;Zn;100;48;15;Zn;2;;;;;;;;;;;;;;6228;6342;;;;;;;;;;;;;;;;
XOPLUL_clean;;Cd; ;100;48;;Cd;2;;;;;;;;;;;;;;962;6228;;;;;;;;;;;;;;;;
XUDVAV_clean;DISORDER;Co;Co;100;48;48;Co;2;;;;;;;;;;;;;;962;;;;;;;;;;;;;;;;;
DUJRAD_clean;;Cu,Ba;Cu,Ba;100;60;;Cu;2;;Ba;2;;;;;;;;;;;6228;;;;;;;;;;;;;;;;;
HIFGIO_SL;;Zn; ;100;60;∼56;Zn;2;;;;;;;;;;;;;;6228;702;;;;14798;;;;;;;;;;;;
HUTTIA_clean;;Zn;Zn;100;60;;Zn;2;;;;;;;;;;;;;;6228;;;;;;;;;;;;;;;;;
ORUKOD_clean;;Ba;Ba;100;60;40;Ba;2;;;;;;;;;;;;;;962;6228;702;;;313;;;;;;;;;;;;
AVESUR_clean;;Cd;Cd;100;72;69;Cd;2;;;;;;;;;;;;;;962;6228;;;;313;;;;;;;;;;;;
BAFCAP_clean;;Zn;Zn;100;72;36;Zn;2;;;;;;;;;;;;;;962;6228;;;;;;;;;;;;;;;;
BURQIQ_clean;;Cd,Na;Cd,Na;100;72;60;Cd;2;;Na;1;;;;;;;;;;;6228;;;;;14798;;;;;;;;;;;;
CUKXAJ_clean;;Cd; ;100;72;;Cd;2;;;;;;;;;;;;;;962;6228;;;;313;;;;;;;;;;;;
CUKXIR_clean;;Mn;Mn;100;72;;Mn;2;;;;;;;;;;;;;;962;6228;;;;313;;;;;;;;;;;;
ELOZIQ_clean;DISORDER;Cd;Cd;100;72;65;Cd;2;;;;;;;;;;;;;;31374;887;;;;;;;;;;;;;;;;
GAJVEU_charged;;Zn; ;100;72;;Zn;2;;;;;;;;;;;;;;6228;;;;;8471;;;;;;;;;;;;
GAJVIY_charged;;Zn;Zn;100;72;;Zn;2;;;;;;;;;;;;;;6228;;;;;;;;;;;;;;;;;
HIHGEM_manual;;Si,Er;Er;100;72;23;Si;-1;;Er;3;;;;;;;;;;;6228;;;;;;;;;;;;;;;;;
HOZFEJ_clean;;Li; ;100;72;;Li;1;;;;;;;;;;;;;;31275;887;;;;;;;;;;;;;;;;
HUNFIH_clean;;Ni,V;Ni,V;100;72;65;Ni;2;;V;2;;;;;;;;;;;962;;;;;944;;;;;;;;;;;;
HUNFON_clean;;Zn,V;Zn,V;100;72;55;Zn;2;;V;2;;;;;;;;;;;962;;;;;;;;;;;;;;;;;
HUVNAP_clean;DISORDER;Ba,Fe;Ba,Fe;100;72;31;Ba;2;;Fe;3;;;;;;;;;;;962;6228;702;;;;;;;;;;;;;;;
KITCAT_clean;;Ag,K;Ag,K;100;72;40;Ag;1;;K;1;;;;;;;;;;;8028;;;;;;;;;;;;;;;;;
LAHTUM_clean;;Cd;Cd;100;72;∼45;Cd;2;;;;;;;;;;;;;;6228;702;;;;;;;;;;;;;;;;
LAHVAU_clean;;Cd;Cd;100;72;∼40;Cd;2;;;;;;;;;;;;;;6228;702;;;;;;;;;;;;;;;;
LOXBEH_clean;;Cd;Cd;100;72;42;Cd;2;;;;;;;;;;;;;;962;6228;;;;;;;;;;;;;;;;
NAYZUK_SL;;In; ;100;72;75;In;3;;;;;;;;;;;;;;962;6342;;;;14798;;;;;;;;;;;;
OHIHET_clean;;Zn; ;100;72;44;Zn;2;;;;;;;;;;;;;;962;;;;;14798;;;;;;;;;;;;
OQUCOU_clean;;Cd;Cd;100;72;35;Cd;2;;;;;;;;;;;;;;962;;;;;;;;;;;;;;;;;
OWUWOU_clean;;Cd,Fe;Cd;100;72;28;Cd;2;;Fe;3;;;;;;;;;;;962;6228;;;;;;;;;;;;;;;;
QAGQEW_clean;;Cd;Cd;100;72;76;Cd;2;;;;;;;;;;;;;;31374;;;;;28118;;;;;;;;;;;;
QIVZEC_clean;;Zn; ;100;72;;Zn;2;;;;;;;;;;;;;;962;;;;;14798;;;;;;;;;;;;
SAMVIO_clean;DISORDER;Mn; ;100;72;;Mn;2;;;;;;;;;;;;;;31374;887;;;;176;;;;;;;;;;;;
SOBZEQ_clean;;Ca,Cd;Ca;100;72;45;Ca;2;;Cd;2;;;;;;;;;;;962;31374;;;;;;;;;;;;;;;;
VAGBEN_clean;;Cu,Gd;Gd;100;72;;Cu;1;;Gd;3;;;;;;;;;;;6228;702;;;;;;;;;;;;;;;;
VAGBOX_clean;;Cu,Gd;Cu,Gd;100;72;;Cu;1;;Gd;3;;;;;;;;;;;962;702;;;;;;;;;;;;;;;;
WOPGOZ_clean;DISORDER;Co;Co;100;72;35.2;Co;2;;;;;;;;;;;;;;962;6228;;;;;;;;;;;;;;;;
XEYMAR_clean;;Cu,Mn;Cu,Mn;100;72;15;Cu;1;;Mn;2;;;;;;;;;;;6228;702;;;;;;;;;;;;;;;;
XICDUI_charged;;Cu; ;100;72;40;Cu;1;;;;;;;;;;;;;;241;6212;;;;;;;;;;;;;;;;
XUGSID_clean;;Co;Co;100;72;;Co;2;;;;;;;;;;;;;;962;6228;;;;8471;;;;;;;;;;;;
XULVAD_clean;;Gd,Mn;Mn;100;72;56.8;Gd;3;;Mn;2;;;;;;;;;;;962;;;;;14798;;;;;;;;;;;;
VOXQOQ_clean;;Zn;Zn;100;80;;Zn;2;;;;;;;;;;;;;;6228;702;;;;;;;;;;;;;;;;
CABDER_clean;;Cd; ;100;96;55;Cd;2;;;;;;;;;;;;;;962;;;;;14798;;;;;;;;;;;;
EGABAR_clean;DISORDER;Cd; ;100;96;∼50;Cd;2;;;;;;;;;;;;;;962;;;;;;;;;;;;;;;;;
VAGBUD_clean;;Cu,Gd;Cu,Gd;100;96;;Cu;1;;Gd;3;;;;;;;;;;;962;31275;;;;;;;;;;;;;;;;
IBUBAL_clean;;Cd;Cd;100;120;45;Cd;2;;;;;;;;;;;;;;962;6228;;;;;;;;;;;;;;;;
KAKBUW_clean;;Ca;Ca;100;120;70;Ca;2;;;;;;;;;;;;;;962;6228;;;;;;;;;;;;;;;;
KAKCAD_clean;;Sr;Sr;100;120;75;Sr;2;;;;;;;;;;;;;;962;6228;;;;;;;;;;;;;;;;
KAKCEH_clean;;Ba;Ba;100;120;90;Ba;2;;;;;;;;;;;;;;6228;;;;;;;;;;;;;;;;;
PARSAF_clean;DISORDER;Ca,In;Ca,In;100;120;75;Ca;2;;In;3;;;;;;;;;;;6228;;;;;;;;;;;;;;;;;
PARSEJ_clean;DISORDER;Sr,In;Sr,In;100;120;82;Sr;2;;In;3;;;;;;;;;;;6228;;;;;;;;;;;;;;;;;
TAGTIH_clean;;Mg;Mg;100;120;;Mg;2;;;;;;;;;;;;;;31374;;;;;;;;;;;;;;;;;
UMIGAA_clean;;Zn,Co;Zn,Co;100;120;50;Zn;2;;Co;2;;;;;;;;;;;31374;;;;;28118;;;;;;;;;;;;
UYAMOY_clean;DISORDER;Cd;Cd;100;120;37;Cd;2;;;;;;;;;;;;;;6228;;;;;;;;;;;;;;;;;
XASNUD_clean;;Zn;Zn;100;120;65;Zn;2;;;;;;;;;;;;;;31374;;;;;28118;;;;;;;;;;;;
XASPEP_clean;;Zn;Zn;100;120;;Zn;2;;;;;;;;;;;;;;6228;;;;;28118;;;;;;;;;;;;
IBUBIT_clean;;Zn;Zn;100;144;53;Zn;2;;;;;;;;;;;;;;962;6228;;;;;;;;;;;;;;;;
SAMVEK_clean;;Mn; ;100;144;;Mn;2;;;;;;;;;;;;;;31374;887;;;;176;;;;;;;;;;;;
UYAMIS_clean;DISORDER;Cd;Cd;100;144;45;Cd;2;;;;;;;;;;;;;;31275;6228;;;;;;;;;;;;;;;;
ZEZPAX01_clean;;Dy;Dy;100;144;;Dy;3;;;;;;;;;;;;;;6228;;;;;;;;;;;;;;;;;
BINSAU_clean;;Mn;Mn;100;168;23;Mn;2;;;;;;;;;;;;;;6228;;;;;;;;;;;;;;;;;
ORUKET_clean;;Mg;Mg;100;192;;Mg;2;;;;;;;;;;;;;;962;702;31374;;;313;;;;;;;;;;;;
VEHROR_charged;;La; ;102;48;60;La;3;;;;;;;;;;;;;;962;;;;;944;;;;;;;;;;;;
VEGMIE01_charged;;Co;Co;102;72;;Co;2;;;;;;;;;;;;;;12051;;;;;;;;;;;;;;;;;
MUNDEG_clean;;Cu;Cu;105;12;76;Cu;1;;;;;;;;;;;;;;31275;6228;;;;944;;;;;;;;;;;;
QUDGED_clean;;Zn;Zn;105;18;;Zn;2;;;;;;;;;;;;;;6228;;;;;;;;;;;;;;;;;
ADASUV_clean;;Co;Co;105;23;;Co;2;;;;;;;;;;;;;;6228;13387;;;;;;;;;;;;;;;;
CUTBIE_clean;;La;La;105;24;67;La;3;;;;;;;;;;;;;;6228;;;;;944;;;;;;;;;;;;
EXOFIH_clean;;In; ;105;36;30;In;3;;;;;;;;;;;;;;702;31374;;;;944;;;;;;;;;;;;
YIJYUN_clean;;Zn;Zn;105;60;36.3;Zn;2;;;;;;;;;;;;;;962;;;;;;;;;;;;;;;;;
ALIXOJ_clean;;Ni;Ni;105;72;69;Ni;2;;;;;;;;;;;;;;962;6228;;;;;;;;;;;;;;;;
LAQZOV_clean;;Ce;Ce;105;72;;Ce;3;;;;;;;;;;;;;;6228;;;;;944;;;;;;;;;;;;
LAZHUR_clean;;Co;Co;105;72;64;Co;2;;;;;;;;;;;;;;962;6228;;;;;;;;;;;;;;;;
NUCPEI_clean;;Zn;Zn;105;72;;Zn;2;;;;;;;;;;;;;;962;6228;;;;;;;;;;;;;;;;
NUCPIM_clean;DISORDER;Zn;Zn;105;72;;Zn;2;;;;;;;;;;;;;;962;31374;;;;;;;;;;;;;;;;
UWALEL_clean;;Cu;Cu;105;72;;Cu;2;;;;;;;;;;;;;;6228;;;;;944;;;;;;;;;;;;
XORHET_clean;;Co;Co;105;72;69;Co;2;;;;;;;;;;;;;;962;;;;;;;;;;;;;;;;;
CORZIU_clean;;In;In;105;96;61;In;1;;;;;;;;;;;;;;6228;12051;;;;284;;;;;;;;;;;;
VEHRIL_clean;;Sm;Sm;107;48;30;Sm;3;;;;;;;;;;;;;;962;;;;;944;;;;;;;;;;;;
FORXAM_clean;DISORDER;Zn;Zn;110;14;;Zn;2;;;;;;;;;;;;;;6228;;;;;;;;;;;;;;;;;
GIQZIQ_clean;;Mg;Mg;110;24;73.5;Mg;2;;;;;;;;;;;;;;6228;887;;;;;;;;;;;;;;;;
LEVNOQ_clean;;Mg;Mg;110;24;64.2;Mg;2;;;;;;;;;;;;;;6228;;;;;;;;;;;;;;;;;
OMAMEU_clean;;Zn;Zn;110;26;;Zn;2;;;;;;;;;;;;;;962;;;;;1004;;;;;;;;;;;;
FORXIU_clean;DISORDER;Zn;Zn;110;32;;Zn;2;;;;;;;;;;;;;;6228;;;;;;;;;;;;;;;;;
GOBTAT_clean;DISORDER;Co; ;110;36;;Co;2;;;;;;;;;;;;;;6228;;;;;;;;;;;;;;;;;
AKEDIF_clean;;Zn; ;110;48;72;Zn;2;;;;;;;;;;;;;;12051;;;;;14798;;;;;;;;;;;;
KUHNIM_clean;;Zn;Zn;110;48;57;Zn;2;;;;;;;;;;;;;;962;;;;;;;;;;;;;;;;;
UYOFIY_clean;;Tb;Tb;110;48;62;Tb;3;;;;;;;;;;;;;;962;702;;;;8471;;;;;;;;;;;;
ZOFZIF_clean;;Mn;Mn;110;48;;Mn;2;;;;;;;;;;;;;;6228;;;;;176;;;;;;;;;;;;
ZOFZOL_clean;;Co;Co;110;48;;Co;2;;;;;;;;;;;;;;12051;;;;;176;;;;;;;;;;;;
EREGOY_clean;;Cd;Cd;110;72;82;Cd;2;;;;;;;;;;;;;;31374;;;;;;;;;;;;;;;;;
ETEMIB_clean;;Co;Co;110;72;;Co;2;;;;;;;;;;;;;;962;6228;;;;14798;;;;;;;;;;;;
PAFMUH_clean;;Cd;Cd;110;72;47;Cd;2;;;;;;;;;;;;;;962;887;;;;14798;;;;;;;;;;;;
PORLAL_clean;;Gd;Gd;110;72;70;Gd;3;;;;;;;;;;;;;;962;6228;;;;;;;;;;;;;;;;
QUNWAZ_clean;;Zn;Zn;110;72;58;Zn;2;;;;;;;;;;;;;;6228;;;;;;;;;;;;;;;;;
TOHYUM_clean;;Zn;Zn;110;72;54;Zn;2;;;;;;;;;;;;;;31374;;;;;944;;;;;;;;;;;;
VIVLAP_clean;;Tb;Tb;110;72;65;Tb;3;;;;;;;;;;;;;;962;6228;;;;944;;;;;;;;;;;;
VOGTIV_clean_h;;Mg;Mg;110;72;;Mg;2;;;;;;;;;;;;;;8028;;;;;;;;;;;;;;;;;
WIRKOZ_clean;;Zn;Zn;110;72;;Zn;2;;;;;;;;;;;;;;6228;;;;;;;;;;;;;;;;;
WIRMOB_clean;;Zn;Zn;110;72;;Zn;2;;;;;;;;;;;;;;6228;;;;;;;;;;;;;;;;;
XUKNIC_clean;;Zn;Zn;110;80;;Zn;2;;;;;;;;;;;;;;962;;;;;944;;;;;;;;;;;;
KEVVIS_clean;;Co;Co;110;96;;Co;2;;;;;;;;;;;;;;962;6228;702;;;;;;;;;;;;;;;
REDYEG_clean;;Zn; ;110;96;45;Zn;2;;;;;;;;;;;;;;887;;;;;;;;;;;;;;;;;
ADASIJ_clean;;Cu;Cu;115;23;;Cu;2;;;;;;;;;;;;;;962;6228;;;;;;;;;;;;;;;;
DUNYOC_clean;DISORDER;Zn;Zn;115;72;50;Zn;2;;;;;;;;;;;;;;6228;;;;;;;;;;;;;;;;;
ZUQMAB_clean;;Co; ;115;96;69;Co;2;;;;;;;;;;;;;;6228;;;;;;;;;;;;;;;;;
BUXZAX_clean;;Fe,Hf;Fe,Hf;120;12;49;Fe;3;;Hf;4;;;;;;;;;;;6228;12051;180;;;243;;;;;;;;;;;;
LUYSOP_clean;;Co; ;120;12;;Co;2;;;;;;;;;;;;;;6228;;;;;176;313;;;;;;;;;;;
SONTIZ_clean;;Tb;Tb;120;20;;Tb;3;;;;;;;;;;;;;;6228;;;;;;;;;;;;;;;;;
SONTOF_clean;;Dy;Dy;120;20;;Dy;3;;;;;;;;;;;;;;6228;;;;;;;;;;;;;;;;;
WAGQAY_clean;DISORDER;Ni;Ni;120;20;54;Ni;2;;;;;;;;;;;;;;6228;12051;;;;;;;;;;;;;;;;
XARPAK_clean;;Cu;Cu;120;20;43.0;Cu;2;;;;;;;;;;;;;;13387;13387;;;;;;;;;;;;;;;;
XIFHIF_clean;;Tb;Tb;120;21;49;Tb;3;;;;;;;;;;;;;;6228;;;;;;;;;;;;;;;;;
COXQUB_clean;;Cd;Cd;120;24;57;Cd;2;;;;;;;;;;;;;;962;;;;;;;;;;;;;;;;;
FECYOD_clean;DISORDER;Zn;Zn;120;24;;Zn;2;;;;;;;;;;;;;;6228;;;;;;;;;;;;;;;;;
HUSJUC_clean;;La; ;120;24;60;La;3;;;;;;;;;;;;;;6228;;;;;313;;;;;;;;;;;;
IMIDZB10_clean;;Zn; ;120;24;;Zn;2;;;;;;;;;;;;;;6228;;;;;944;;;;;;;;;;;;
KUSQUM_clean;DISORDER;Cd,Cu;Cd,Cu;120;24;∼57;Cd;2;;Cu;2;;;;;;;;;;;6228;;;;;;;;;;;;;;;;;
PODXEN_clean;;Zn;Zn;120;24;64;Zn;2;;;;;;;;;;;;;;679;962;6228;887;;8471;;;;;;;;;;;;
QEVKOS_clean;;W,Cu; ;120;24;25;W;6;;Cu;1;;;;;;;;;;;6342;;;;;;;;;;;;;;;;;
REYCEF_clean;;Zn;Zn;120;24;69;Zn;2;;;;;;;;;;;;;;962;6342;;;;313;;;;;;;;;;;;
TIRRIW_clean;;Co; ;120;24;;Co;2;;;;;;;;;;;;;;6228;;;;;;;;;;;;;;;;;
TUBJAD_clean;;Cu;Cu;120;24;55;Cu;2;;;;;;;;;;;;;;962;;;;;14798;;;;;;;;;;;;
XUKHUI_clean;;Zn;Zn;120;24;78;Zn;2;;;;;;;;;;;;;;962;;;;;;;;;;;;;;;;;
ZOZPUB_clean;;Co;Co;120;36;;Co;2;;;;;;;;;;;;;;962;6228;;;;;;;;;;;;;;;;
HUVHOX_clean;;Zn;Zn;120;40;43;Zn;2;;;;;;;;;;;;;;962;;;;;;;;;;;;;;;;;
WEZCIO_clean;;La,Co;Co;120;45;;La;3;;Co;2;;;;;;;;;;;962;;;;;;;;;;;;;;;;;
BEDYEQ_clean;;Zr,Fe;Zr,Fe;120;48;46;Zr;4;;Fe;3;;;;;;;;;;;31374;;;;;243;;;;;;;;;;;;
CIFMIP_clean;;Co;Co;120;48;;Co;2;;;;;;;;;;;;;;6228;;;;;;;;;;;;;;;;;
EHODOV_SL;;In; ;120;48;75;In;3;;;;;;;;;;;;;;6228;;;;;;;;;;;;;;;;;
HISGAT_clean;;K;K;120;48;41.26;K;1;;;;;;;;;;;;;;962;6228;702;;;;;;;;;;;;;;;
HOXRUJ_clean;DISORDER;Eu,K;K;120;48;56;Eu;3;;K;1;;;;;;;;;;;962;;;;;313;;;;;;;;;;;;
ILIMOH_clean;;Ni; ;120;48;;Ni;2;;;;;;;;;;;;;;962;6228;;;;;;;;;;;;;;;;
ILIMUN_clean;;Ni; ;120;48;;Ni;2;;;;;;;;;;;;;;6342;887;;;;;;;;;;;;;;;;
KETHEY02_clean;;Cd;Cd;120;48;75;Cd;2;;;;;;;;;;;;;;6228;;;;;;;;;;;;;;;;;
KOLWEO_clean;;Ni; ;120;48;;Ni;2;;;;;;;;;;;;;;12051;;;;;;;;;;;;;;;;;
OJIDAN_clean;;Sc;Sc;120;48;71;Sc;3;;;;;;;;;;;;;;962;6228;8028;6344;;944;;;;;;;;;;;;
OLEKUM_manual;;Zn;Zn;120;48;;Zn;2;;;;;;;;;;;;;;6228;;;;;;;;;;;;;;;;;
SARMOO_clean;;Eu;Eu;120;48;47;Eu;3;;;;;;;;;;;;;;962;;;;;;;;;;;;;;;;;
SOJTOC_clean;;Zn,K;Zn,K;120;48;∼49;Zn;2;;K;1;;;;;;;;;;;962;702;;;;;;;;;;;;;;;;
TIXVON_clean;;Mg;Mg;120;48;63;Mg;2;;;;;;;;;;;;;;31374;962;;;;14798;;;;;;;;;;;;
VAMQIJ_clean;DISORDER;V; ;120;48;;V;5;;;;;;;;;;;;;;962;;;;;1004;;;;;;;;;;;;
WIJXEU_clean;;Zn;Zn;120;48;20;Zn;2;;;;;;;;;;;;;;6228;;;;;;;;;;;;;;;;;
WOPHEQ_clean;;Co; ;120;48;60.0;Co;2;;;;;;;;;;;;;;962;6228;;;;944;;;;;;;;;;;;
XOTSIK_clean;;Cd;Cd;120;48;40;Cd;2;;;;;;;;;;;;;;6228;;;;;;;;;;;;;;;;;
YOYYUI_clean;DISORDER;Zn;Zn;120;48;28;Zn;2;;;;;;;;;;;;;;962;31374;;;;;;;;;;;;;;;;
GUJTOV_clean;;Mo,Cu;Mo,Cu;120;66;30;Mo;6;;Cu;2;;;;;;;;;;;962;;;;;;;;;;;;;;;;;
ATIBOU02_clean;;Mn; ;120;72;73;Mn;2;;;;;;;;;;;;;;6228;;;;;;;;;;;;;;;;;
COPXOV_clean;;Co; ;120;72;;Co;2;;;;;;;;;;;;;;962;;;;;14798;;;;;;;;;;;;
DADXUE_clean;DISORDER;Cd;Cd;120;72;84;Cd;2;;;;;;;;;;;;;;31374;887;;;;;;;;;;;;;;;;
EYULOA_clean;;Co; ;120;72;61;Co;2;;;;;;;;;;;;;;6228;;;;;;;;;;;;;;;;;
FIHRIZ_clean;;Ni; ;120;72;80;Ni;2;;;;;;;;;;;;;;31374;887;;;;;;;;;;;;;;;;
FURFIJ_clean;;Cd;Cd;120;72;43;Cd;2;;;;;;;;;;;;;;31374;;;;;;;;;;;;;;;;;
FURFOP_clean;;Zn; ;120;72;54;Zn;2;;;;;;;;;;;;;;31374;;;;;;;;;;;;;;;;;
GERWOR_charged;;Cd,Si; ;120;72;29;Cd;2;;Si;-1;;;;;;;;;;;6228;;;;;313;;;;;;;;;;;;
GEVYEN_clean;;Zn; ;120;72;;Zn;2;;;;;;;;;;;;;;962;;;;;;;;;;;;;;;;;
GEZRAG_clean;;Co;Co;120;72;60;Co;2;;;;;;;;;;;;;;887;;;;;;;;;;;;;;;;;
HAPGIR_clean;;Mn;Mn;120;72;28;Mn;2;;;;;;;;;;;;;;6342;6228;;;;;;;;;;;;;;;;
HAWGIX_charged;;Cd; ;120;72;38;Cd;2;;;;;;;;;;;;;;962;887;;;;;;;;;;;;;;;;
HOXSUK_clean;;Ni;Ni;120;72;47;Ni;2;;;;;;;;;;;;;;6228;;;;;;;;;;;;;;;;;
IYOQIY_clean;;Cd;Cd;120;72;55;Cd;2;;;;;;;;;;;;;;962;6228;702;;;944;14798;;;;;;;;;;;
IZIGUV_clean;;In;In;120;72;∼75;In;3;;;;;;;;;;;;;;962;6228;;;;284;;;;;;;;;;;;
KUKPOX_clean;;Cu;Cu;120;72;;Cu;2;;;;;;;;;;;;;;962;31275;6228;;;;;;;;;;;;;;;
KUKPUD_clean;DISORDER;Cu;Cu;120;72;;Cu;2;;;;;;;;;;;;;;962;6342;;;;;;;;;;;;;;;;
LALFEL_clean;;Cd;Cd;120;72;;Cd;2;;;;;;;;;;;;;;962;;;;;;;;;;;;;;;;;
LAWHUP_clean;;Cd; ;120;72;80;Cd;2;;;;;;;;;;;;;;962;6228;702;;;;;;;;;;;;;;;
MEJQEZ_clean;;Zn; ;120;72;60;Zn;2;;;;;;;;;;;;;;962;;;;;;;;;;;;;;;;;
MEJQID_clean;;Zn; ;120;72;70;Zn;2;;;;;;;;;;;;;;31374;887;;;;;;;;;;;;;;;;
MEJQOJ_clean;;Zn; ;120;72;75;Zn;2;;;;;;;;;;;;;;887;13387;;;;;;;;;;;;;;;;
NAWKII_clean;;Mg;Mg;120;72;;Mg;2;;;;;;;;;;;;;;962;6228;;;;;;;;;;;;;;;;
NOBVOR_clean;;Co; ;120;72;35;Co;2;;;;;;;;;;;;;;962;;;;;;;;;;;;;;;;;
NOHQEI_clean;DISORDER;In; ;120;72;86;In;3;;;;;;;;;;;;;;12051;;;;;;;;;;;;;;;;;
NOQLOV01_charged;;In; ;120;72;56;In;3;;;;;;;;;;;;;;962;;;;;313;971;3301;;;;;;;;;;
NORJEL_clean;;Cd;Cd;120;72;49;Cd;2;;;;;;;;;;;;;;962;6228;;;;;;;;;;;;;;;;
OKIZIT_clean;DISORDER;Co; ;120;72;65;Co;2;;;;;;;;;;;;;;31374;;;;;28118;;;;;;;;;;;;
OYEBIE_clean;;Zn; ;120;72;52.23;Zn;2;;;;;;;;;;;;;;962;;;;;;;;;;;;;;;;;
PIBGAK_clean;;Eu;Eu;120;72;56;Eu;3;;;;;;;;;;;;;;962;6228;702;;;;;;;;;;;;;;;
PUZLAZ_clean;;In; ;120;72;;In;3;;;;;;;;;;;;;;6228;;;;;;;;;;;;;;;;;
QASTUC_clean;;Mn; ;120;72;23;Mn;2;;;;;;;;;;;;;;6228;;;;;;;;;;;;;;;;;
QIRWAR_clean;;Cu;Cu;120;72;;Cu;2;;;;;;;;;;;;;;962;;;;;;;;;;;;;;;;;
REYCOP_clean;;Zn;Zn;120;72;65;Zn;2;;;;;;;;;;;;;;962;6342;;;;;;;;;;;;;;;;
RUVBOB_clean;;Cd; ;120;72;;Cd;2;;;;;;;;;;;;;;6228;887;;;;;;;;;;;;;;;;
SARMEE_clean;;Eu;Eu;120;72;49;Eu;3;;;;;;;;;;;;;;962;;;;;;;;;;;;;;;;;
TEJBAN_clean;;Eu; ;120;72;47;Eu;3;;;;;;;;;;;;;;962;;;;;;;;;;;;;;;;;
TEJLOL_clean;;Cd;Cd;120;72;60;Cd;2;;;;;;;;;;;;;;6228;;;;;;;;;;;;;;;;;
TETZEZ_clean;;Zn;Zn;120;72;58;Zn;2;;;;;;;;;;;;;;6228;;;;;;;;;;;;;;;;;
TETZID_clean;;Cd; ;120;72;45;Cd;2;;;;;;;;;;;;;;962;;;;;;;;;;;;;;;;;
UQEGEE_clean;DISORDER;Mo,V,Co;Mo,V,Co;120;72;;Mo;6;;V;2;;Co;2;;;;;;;;962;;;;;313;;;;;;;;;;;;
UQEGII_clean;;Mo,Ni,V;Mo,Ni,V;120;72;;Mo;2;;Ni;2;;V;4;;;;;;;;962;;;;;313;;;;;;;;;;;;
VAGTAA_clean;;Mg;Mg;120;72;;Mg;2;;;;;;;;;;;;;;6228;;;;;8471;;;;;;;;;;;;
VAQSEO_clean;;Cd;Cd;120;72;42;Cd;2;;;;;;;;;;;;;;962;6228;;;;14798;;;;;;;;;;;;
VIPXUO_clean;;Co;Co;120;72;53;Co;2;;;;;;;;;;;;;;962;;;;;14798;;;;;;;;;;;;
WEGDIX_charged;;Cd;Cd;120;72;30;Cd;2;;;;;;;;;;;;;;6228;;;;;;;;;;;;;;;;;
WODREO_clean;DISORDER;Co;Co;120;72;;Co;2;;;;;;;;;;;;;;1049;6228;679;;;;;;;;;;;;;;;
YOKKIU_clean;;Co;Co;120;72;26;Co;2;;;;;;;;;;;;;;702;887;;;;;;;;;;;;;;;;
YOYBUL_clean;;Zn; ;120;72;;Zn;2;;;;;;;;;;;;;;962;702;31374;;;;;;;;;;;;;;;
EVADIQ_clean;;Dy;Dy;120;96;;Dy;3;;;;;;;;;;;;;;962;6228;679;;;;;;;;;;;;;;;
FEJDEE_clean;;Zn;Zn;120;96;87;Zn;2;;;;;;;;;;;;;;962;1045;;;;3084169;;;;;;;;;;;;
HEKTUO01_clean;;Cd;Cd;120;96;43;Cd;2;;;;;;;;;;;;;;31374;;;;;;;;;;;;;;;;;
JUSBAC_clean;;Cd;Cd;120;96;33;Cd;2;;;;;;;;;;;;;;6228;;;;;;;;;;;;;;;;;
NEVJEF_clean;;Cd;Cd;120;96;64;Cd;2;;;;;;;;;;;;;;962;8028;;;;14798;;;;;;;;;;;;
NEVJOP_clean;;Zn;Zn;120;96;67;Zn;2;;;;;;;;;;;;;;962;8028;;;;14798;;;;;;;;;;;;
UWELIS_clean;;Zn;Zn;120;96;;Zn;2;;;;;;;;;;;;;;31374;;;;;;;;;;;;;;;;;
IQECIS_clean;;Co; ;120;120;;Co;2;;;;;;;;;;;;;;31374;887;;;;28118;;;;;;;;;;;;
MAZSUD_clean;;Zn; ;120;120;83;Zn;2;;;;;;;;;;;;;;6228;;;;;;;;;;;;;;;;;
OBIBAF_clean;;Mg;Mg;120;120;35;Mg;2;;;;;;;;;;;;;;962;31374;;;;;;;;;;;;;;;;
OBIBEJ_clean;;Ca;Ca;120;120;82;Ca;2;;;;;;;;;;;;;;962;6228;;;;;;;;;;;;;;;;
OBIBOT_clean;;Ba;Ba;120;120;23;Ba;2;;;;;;;;;;;;;;962;31374;;;;;;;;;;;;;;;;
RIPWEU_clean;DISORDER;W,Na,Mn,Sm,K;W,Na,Mn,Sm,K;120;120;35;W;6;;Na;1;;Mn;2;;Sm;3;;K;1;;962;;;;;;;;;;;;;;;;;
RIPWIY_clean;;W,Na,Sm,K;W,Na,Sm,K;120;120;38;W;5;;Na;1;;Sm;3;;K;1;;;;;962;;;;;;;;;;;;;;;;;
TAGTUT_clean;;Mg;Mg;120;120;;Mg;2;;;;;;;;;;;;;;31374;;;;;;;;;;;;;;;;;
TAGVAB_clean;;Mg;Mg;120;120;;Mg;2;;;;;;;;;;;;;;702;;;;;;;;;;;;;;;;;
VEHLEA_clean;;Zn; ;120;120;;Zn;2;;;;;;;;;;;;;;1049;962;174;;;;;;;;;;;;;;;
VEHLIE_clean;;Zn; ;120;120;;Zn;2;;;;;;;;;;;;;;1049;962;174;;;;;;;;;;;;;;;
YOVNUU_clean;DISORDER;Ni; ;120;120;35;Ni;2;;;;;;;;;;;;;;6228;;;;;8471;;;;;;;;;;;;
YOVPEG_clean;;Co; ;120;120;35;Co;2;;;;;;;;;;;;;;1049;6228;;;;;;;;;;;;;;;;
BIHMUC_clean;;Co;Co;120;144;;Co;2;;;;;;;;;;;;;;962;;;;;14798;;;;;;;;;;;;
HELDOT_clean;;Co;Co;120;168;;Co;2;;;;;;;;;;;;;;31374;;;;;;;;;;;;;;;;;
RUGKOV_clean;;Zn;Zn;120;336;;Zn;2;;;;;;;;;;;;;;962;6228;;;;;;;;;;;;;;;;
BEFGEA_manual;;In; ;130;24;;In;3;;;;;;;;;;;;;;962;31275;6228;;;944;;;;;;;;;;;;
ILEPEW_clean;DISORDER;Ba,La;Ba;130;24;41;Ba;2;;La;3;;;;;;;;;;;962;6228;;;;944;;;;;;;;;;;;
NAGQET_clean;;Co; ;130;24;;Co;2;;;;;;;;;;;;;;962;6228;;;;;;;;;;;;;;;;
NAGQOD_clean;;Co; ;130;24;;Co;2;;;;;;;;;;;;;;962;;;;;;;;;;;;;;;;;
PAFNAO_clean;DISORDER;Cd;Cd;130;24;62;Cd;2;;;;;;;;;;;;;;962;887;;;;14798;;;;;;;;;;;;
VICSIL_clean;;Cu; ;130;24;72;Cu;2;;;;;;;;;;;;;;962;887;;;;14798;;;;;;;;;;;;
WOXKOL_clean;;Mn;Mn;130;24;58;Mn;2;;;;;;;;;;;;;;962;6228;;;;;;;;;;;;;;;;
FECYUJ_clean;;Zn;Zn;130;28;;Zn;2;;;;;;;;;;;;;;6228;;;;;;;;;;;;;;;;;
HEBJAB_clean;;Co;Co;130;48;∼56;Co;2;;;;;;;;;;;;;;962;;;;;14798;;;;;;;;;;;;
IVUVIG_clean;;Sm;Sm;130;48;;Sm;3;;;;;;;;;;;;;;962;31374;;;;944;;;;;;;;;;;;
JUNBUR_clean;;Cd;Cd;130;48;40;Cd;2;;;;;;;;;;;;;;962;;;;;14798;;;;;;;;;;;;
KAHYEY_clean;;Mn;Mn;130;48;;Mn;2;;;;;;;;;;;;;;962;;;;;1004;;;;;;;;;;;;
ONODOM_clean;DISORDER;Ni;Ni;130;48;28;Ni;2;;;;;;;;;;;;;;962;6228;7966;;;;;;;;;;;;;;;
XUBGUY_clean;;Zr,Si;Zr;130;48;58;Zr;4;;Si;-1;;;;;;;;;;;6228;;;;;;;;;;;;;;;;;
XUDYOM_clean;;In; ;130;48;57;In;3;;;;;;;;;;;;;;6228;;;;;;;;;;;;;;;;;
CIXCOC_clean;DISORDER;Co; ;130;72;;Co;2;;;;;;;;;;;;;;962;174;;;;3084169;;;;;;;;;;;;
DUKMON_clean;;Co; ;130;72;55;Co;2;;;;;;;;;;;;;;962;;;;;14798;;;;;;;;;;;;
FONPUV_clean;;Zn;Zn;130;72;49;Zn;2;;;;;;;;;;;;;;962;;;;;;;;;;;;;;;;;
LADKIN_clean;DISORDER;In; ;130;72;56;In;3;;;;;;;;;;;;;;962;;;;;3084169;971;;;;;;;;;;;
LOMMIL_clean;;Y; ;130;72;;Y;3;;;;;;;;;;;;;;962;;;;;;;;;;;;;;;;;
QARTEK_clean;;Cd; ;130;72;;Cd;2;;;;;;;;;;;;;;962;;;;;14797;;;;;;;;;;;;
TEJBOB_clean;;Ag;Ag;130;72;27;Ag;1;;;;;;;;;;;;;;962;;;;;;;;;;;;;;;;;
TORXIJ_clean;;Cu;Cu;130;72;40;Cu;2;;;;;;;;;;;;;;962;887;;;;;;;;;;;;;;;;
UZIJUJ_clean;;Ce; ;130;72;60-80;Ce;3;;;;;;;;;;;;;;962;6228;;;;;;;;;;;;;;;;
WONBAD_clean;DISORDER;Cd;Cd;130;72;76;Cd;2;;;;;;;;;;;;;;6228;;;;;;;;;;;;;;;;;
WOZGUP_clean;;Co; ;130;72;50;Co;2;;;;;;;;;;;;;;962;;;;;14798;;;;;;;;;;;;
YILJAG_clean;;Zn;Zn;130;72;;Zn;2;;;;;;;;;;;;;;6228;702;;;;;;;;;;;;;;;;
ETEMEX_clean;DISORDER;Co;Co;130;96;;Co;2;;;;;;;;;;;;;;962;6228;702;;;14798;;;;;;;;;;;;
IWELIG01_clean;;Co; ;130;96;60;Co;2;;;;;;;;;;;;;;962;;;;;;;;;;;;;;;;;
LARPIF_clean;DISORDER;Na,Fe; ;130;120;72;Na;1;;Fe;3;;;;;;;;;;;6228;;;;;14798;;;;;;;;;;;;
BOPHEV_clean;;Cd; ;130;144;56.7;Cd;2;;;;;;;;;;;;;;6228;;;;;;;;;;;;;;;;;
BOPHIZ_clean;;Cd;Cd;130;144;86.7;Cd;2;;;;;;;;;;;;;;6228;;;;;;;;;;;;;;;;;
OLAGIR_clean;;Zn; ;130;144;;Zn;2;;;;;;;;;;;;;;962;;;;;1004;;;;;;;;;;;;
PENZIS_clean;;Zn; ;130;240;;Zn;2;;;;;;;;;;;;;;962;;;;;;;;;;;;;;;;;
RULXOM_clean;;Fe; ;135;72;50;Fe;2;;;;;;;;;;;;;;6228;679;;;;28118;;;;;;;;;;;;
EZIVAM_clean;;Sr;Sr;140;12;73;Sr;2;;;;;;;;;;;;;;6228;702;;;;;;;;;;;;;;;;
GUVBOQ_clean;;Zn;Zn;140;12;31;Zn;2;;;;;;;;;;;;;;962;;;;;;;;;;;;;;;;;
ECEZAO_clean;DISORDER;Ni;Ni;140;24;;Ni;2;;;;;;;;;;;;;;962;;;;;14798;;;;;;;;;;;;
RESWOC_clean;;Er;Er;140;24;65;Er;3;;;;;;;;;;;;;;962;6228;702;;;;;;;;;;;;;;;
RESWUI_clean;;Er;Er;140;24;43;Er;3;;;;;;;;;;;;;;962;6228;702;;;;;;;;;;;;;;;
VEYVEC_clean;;Co;Co;140;24;68;Co;2;;;;;;;;;;;;;;962;;;;;;;;;;;;;;;;;
KIYMIP_clean;;Ni;Ni;140;40;42;Ni;2;;;;;;;;;;;;;;962;;;;;;;;;;;;;;;;;
DOQKAW_charged;;Cd; ;140;48;60;Cd;2;;;;;;;;;;;;;;31374;;;;;;;;;;;;;;;;;
DUSHEG_clean;DISORDER;Ni;Ni;140;48;;Ni;2;;;;;;;;;;;;;;31374;;;;;28118;;;;;;;;;;;;
DUSHIK_clean;DISORDER;Fe;Fe;140;48;;Fe;3;;;;;;;;;;;;;;31374;;;;;28118;;;;;;;;;;;;
EXOTOB_clean;;Ni;Ni;140;48;50;Ni;1;;;;;;;;;;;;;;962;887;;;;;;;;;;;;;;;;
LADWAR_clean;;Co;Co;140;48;36.2;Co;2;;;;;;;;;;;;;;962;;;;;;;;;;;;;;;;;
NEFTUP_clean;;Co; ;140;48;10;Co;2;;;;;;;;;;;;;;962;887;;;;;;;;;;;;;;;;
QUHMOX_clean;;Gd;Gd;140;48;35;Gd;3;;;;;;;;;;;;;;679;;;;;284;;;;;;;;;;;;
QUPDEL01_clean;;Gd;Gd;140;48;∼35;Gd;3;;;;;;;;;;;;;;962;;;;;;;;;;;;;;;;;
RUSSAA_clean;;Cd,Co;Co;140;48;61;Cd;2;;Co;2;;;;;;;;;;;962;;;;;14798;;;;;;;;;;;;
TEVHEJ_clean;DISORDER;Ni;Ni;140;48;37;Ni;2;;;;;;;;;;;;;;6228;;;;;;;;;;;;;;;;;
VAKLIF_clean;DISORDER;Cd; ;140;48;20;Cd;2;;;;;;;;;;;;;;962;;;;;8471;;;;;;;;;;;;
VAKNAZ_clean;DISORDER;Cd;Cd;140;48;35;Cd;2;;;;;;;;;;;;;;962;;;;;8471;;;;;;;;;;;;
VAKNED_clean;DISORDER;Cd;Cd;140;48;18;Cd;2;;;;;;;;;;;;;;962;;;;;8471;;;;;;;;;;;;
WUDQIW_clean;;Ni;Ni;140;48;∼25;Ni;2;;;;;;;;;;;;;;702;;;;;;;;;;;;;;;;;
BOWSUC_clean;;V;V;140;72;62;V;3;;;;;;;;;;;;;;962;;;;;3084169;;;;;;;;;;;;
CEYPUT_clean;;Co; ;140;72;;Co;2;;;;;;;;;;;;;;962;6228;;;;;;;;;;;;;;;;
EMIYEF_clean;;Mo,Co;Mo;140;72;50;Mo;6;;Co;2;;;;;;;;;;;962;;;;;;;;;;;;;;;;;
GERWIL_charged;;Zn,Si; ;140;72;21;Zn;2;;Si;-1;;;;;;;;;;;6228;702;;;;313;;;;;;;;;;;;
HIHFUB_clean;;Si,Nd;Nd;140;72;35;Si;-1;;Nd;3;;;;;;;;;;;962;6228;;;;313;;;;;;;;;;;;
NANMAS_charged;;Mg,La; ;140;72;52;Mg;2;;La;3;;;;;;;;;;;962;702;;;;8471;;;;;;;;;;;;
OGUPIQ_clean;;Co;Co;140;72;2;Co;2;;;;;;;;;;;;;;962;;;;;14798;;;;;;;;;;;;
PUPHUE_clean;;Na;Na;140;72;40;Na;1;;;;;;;;;;;;;;962;702;;;;;;;;;;;;;;;;
QANSUV_clean;;Cu;Cu;140;72;55;Cu;2;;;;;;;;;;;;;;962;6342;;;;;;;;;;;;;;;;
QINSUD01_clean;DISORDER;Mn; ;140;72;;Mn;2;;;;;;;;;;;;;;6228;887;;;;;;;;;;;;;;;;
REYBAA_clean;;Zn; ;140;72;65;Zn;2;;;;;;;;;;;;;;962;6228;;;;;;;;;;;;;;;;
RUFDUT_clean;;Ni;Ni;140;72;;Ni;2;;;;;;;;;;;;;;962;6228;;;;;;;;;;;;;;;;
RUPTED_clean;;Cu;Cu;140;72;65;Cu;1;;;;;;;;;;;;;;962;6342;;;;176;;;;;;;;;;;;
SAJDIT_clean;;Tb;Tb;140;72;62;Tb;3;;;;;;;;;;;;;;6228;;;;;;;;;;;;;;;;;
SEFSOM_clean;;Cd; ;140;72;;Cd;2;;;;;;;;;;;;;;962;;;;;14798;;;;;;;;;;;;
UXIQOJ_clean;;Ni; ;140;72;46;Ni;2;;;;;;;;;;;;;;962;6228;;;;944;;;;;;;;;;;;
YOPQEB_clean;;Co;Co;140;72;57;Co;2;;;;;;;;;;;;;;962;702;;;;14798;;;;;;;;;;;;
ZALMIL_clean;;Co;Co;140;72;55;Co;2;;;;;;;;;;;;;;962;;;;;14798;;;;;;;;;;;;
COWXOC_clean;;Cd;Cd;140;75;74;Cd;2;;;;;;;;;;;;;;962;6228;887;;;;;;;;;;;;;;;
JEBCOJ_clean;;Cu,Sm; ;140;80;78;Cu;2;;Sm;3;;;;;;;;;;;962;;;;;;;;;;;;;;;;;
HUYXOP_clean;;Ni;Ni;140;96;;Ni;2;;;;;;;;;;;;;;962;6228;702;;;;;;;;;;;;;;;
HUYXUV_clean;;Co;Co;140;96;;Co;2;;;;;;;;;;;;;;962;6228;702;;;284;;;;;;;;;;;;
LASMAV_neutral;;Co;Co;140;96;5;Co;2;;;;;;;;;;;;;;702;;;;;8471;;;;;;;;;;;;
VEMDAT_clean;;Zn;Zn;140;96;75;Zn;2;;;;;;;;;;;;;;962;;;;;;;;;;;;;;;;;
SOGXAP_clean;;Ce;Ce;140;120;;Ce;3;;;;;;;;;;;;;;962;;;;;;;;;;;;;;;;;
YIPDOR_clean;;Cu;Cu;140;120;52;Cu;2;;;;;;;;;;;;;;962;;;;;;;;;;;;;;;;;
ZIQJEQ_clean;;Cu;Cu;140;120;70;Cu;2;;;;;;;;;;;;;;962;;;;;313;;;;;;;;;;;;
OHOLIH_clean;DISORDER;Zn; ;150;12;;Zn;2;;;;;;;;;;;;;;6228;;;;;8471;;;;;;;;;;;;
HIQKID_clean;DISORDER;U; ;150;24;64;U;4;;;;;;;;;;;;;;962;6228;;;;284;;;;;;;;;;;;
LALFUB_clean;;Eu; ;150;24;52;Eu;3;;;;;;;;;;;;;;962;;;;;944;;;;;;;;;;;;
LIXWEV_clean;;Fe;Fe;150;24;80;Fe;3;;;;;;;;;;;;;;962;;;;;3084169;;;;;;;;;;;;
PERSEM_clean;;Zn,U;Zn,U;150;24;;Zn;2;;U;4;;;;;;;;;;;962;;;;;;;;;;;;;;;;;
PEWFII_clean;;Cu,U;Cu,U;150;24;;Cu;1;;U;4;;;;;;;;;;;962;;;;;;;;;;;;;;;;;
FONKEA_clean;;Cd;Cd;150;36;62;Cd;2;;;;;;;;;;;;;;962;6228;887;;;;;;;;;;;;;;;
DOGZIJ_clean;;Zn;Zn;150;43;;Zn;2;;;;;;;;;;;;;;962;;;;;;;;;;;;;;;;;
HUNBIB_clean;;As,Fe;As;150;48;;As;-1;;Fe;3;;;;;;;;;;;962;;;;;;;;;;;;;;;;;
YUPSIM_clean;;Pr; ;150;50;5;Pr;3;;;;;;;;;;;;;;962;;;;;944;;;;;;;;;;;;
FIHFAF_clean;;Co;Co;150;60;83;Co;2;;;;;;;;;;;;;;6228;;;;;;;;;;;;;;;;;
OTAXOX_clean;;Mg; ;150;60;61;Mg;2;;;;;;;;;;;;;;962;6228;;;;944;;;;;;;;;;;;
QOPPES_clean;;Co;Co;150;65;;Co;2;;;;;;;;;;;;;;6228;;;;;222;;;;;;;;;;;;
CAHQAG_clean;DISORDER;Mn;Mn;150;72;61;Mn;2;;;;;;;;;;;;;;962;;;;;;;;;;;;;;;;;
HUNBEX_clean;;Zn,K;K;150;72;;Zn;2;;K;1;;;;;;;;;;;962;;;;;176;313;;;;;;;;;;;
ILOJEZ_clean;;Zn; ;150;72;51;Zn;2;;;;;;;;;;;;;;962;;;;;14798;;;;;;;;;;;;
ILOTOT_clean;;Co; ;150;72;40;Co;2;;;;;;;;;;;;;;962;6342;887;;;14798;;;;;;;;;;;;
IYEPUZ_clean;;Mn;Mn;150;72;39;Mn;2;;;;;;;;;;;;;;962;702;31374;;;;;;;;;;;;;;;
JELPAS_clean;;As,Fe;As;150;72;∼80;As;-1;;Fe;3;;;;;;;;;;;962;;;;;;;;;;;;;;;;;
LIVLUZ_clean;;Cd; ;150;72;53;Cd;2;;;;;;;;;;;;;;6228;;;;;;;;;;;;;;;;;
NAFGOR_clean;DISORDER;Co; ;150;72;;Co;2;;;;;;;;;;;;;;31374;;;;;;;;;;;;;;;;;
NAVFUM_clean;;Fe; ;150;72;∼80;Fe;2;;;;;;;;;;;;;;962;;;;;3084169;;;;;;;;;;;;
NEZBOK_clean;;Mn; ;150;72;∼75;Mn;2;;;;;;;;;;;;;;962;;;;;3084169;;;;;;;;;;;;
PELXIP_clean;;Cd;Cd;150;72;45;Cd;2;;;;;;;;;;;;;;962;;;;;;;;;;;;;;;;;
QOBWEJ01_clean;;Zn;Zn;150;72;;Zn;2;;;;;;;;;;;;;;962;;;;;971;428;;;;;;;;;;;
SUWQEI_clean;;Cu;Cu;150;72;32;Cu;2;;;;;;;;;;;;;;962;;;;;313;;;;;;;;;;;;
TAPXIT01_clean;;Yb,Na;Na;150;72;96;Yb;3;;Na;1;;;;;;;;;;;6228;702;;;;;;;;;;;;;;;;
TEDSIG_clean;;Zn; ;150;72;74;Zn;2;;;;;;;;;;;;;;962;702;;;;;;;;;;;;;;;;
TORXAB_clean;;Cu; ;150;72;30;Cu;2;;;;;;;;;;;;;;962;;;;;;;;;;;;;;;;;
VAJQOP_clean;;Co;Co;150;72;62;Co;2;;;;;;;;;;;;;;962;702;;;;;;;;;;;;;;;;
WARJAC_clean;;Ni;Ni;150;72;44;Ni;2;;;;;;;;;;;;;;962;;;;;14798;;;;;;;;;;;;
WISTID_clean;;Zn;Zn;150;72;65;Zn;2;;;;;;;;;;;;;;962;702;;;;;;;;;;;;;;;;
WOSHET_clean;;Cu;Cu;150;72;64;Cu;1;;;;;;;;;;;;;;6342;;;;;222;;;;;;;;;;;;
WUTCET_clean;DISORDER;Co; ;150;72;;Co;2;;;;;;;;;;;;;;6228;;;;;;;;;;;;;;;;;
XUHCAG_clean;DISORDER;Ni;Ni;150;72;51;Ni;2;;;;;;;;;;;;;;962;;;;;8471;;;;;;;;;;;;
YUKVIK_clean;;Ni; ;150;72;19;Ni;2;;;;;;;;;;;;;;962;;;;;;;;;;;;;;;;;
BURJOO_clean;;Co; ;150;96;35;Co;2;;;;;;;;;;;;;;962;;;;;14798;8471;;;;;;;;;;;
CUFJUK_clean;;Co;Co;150;96;78.6;Co;2;;;;;;;;;;;;;;962;6228;;;;;;;;;;;;;;;;
IYAJID_clean;;Cd,Na; ;150;96;32.5;Cd;2;;Na;1;;;;;;;;;;;31374;887;;;;14798;;;;;;;;;;;;
IYAJOJ_clean;;Cd,Na,K;Na;150;96;35.6;Cd;2;;Na;1;;K;1;;;;;;;;31374;887;;;;14798;;;;;;;;;;;;
IYAJUP_clean;;Cd,K;K;150;96;30.2;Cd;2;;K;1;;;;;;;;;;;31374;887;;;;;;;;;;;;;;;;
IYAKAW_clean;;Cd,Mg; ;150;96;;Cd;2;;Mg;2;;;;;;;;;;;31374;887;;;;;;;;;;;;;;;;
IYAKIE_clean;;Ca,Cd;Cd;150;96;29.4;Ca;2;;Cd;2;;;;;;;;;;;31374;887;;;;;;;;;;;;;;;;
LARPOL_charged;;Fe; ;150;96;91;Fe;2;;;;;;;;;;;;;;6228;;;;;;;;;;;;;;;;;
LARZEL_SL_part;;Cd; ;150;96;76.3;Cd;2;;;;;;;;;;;;;;1049;962;;;;;;;;;;;;;;;;
MATHEV_clean;;Co; ;150;96;∼80;Co;2;;;;;;;;;;;;;;962;;;;;3084169;;;;;;;;;;;;
ORIBAU_clean;;Zn; ;150;96;22.6;Zn;2;;;;;;;;;;;;;;6228;887;;;;;;;;;;;;;;;;
SOTTUR_clean;;Sr;Sr;150;96;62;Sr;2;;;;;;;;;;;;;;962;702;;;;14798;;;;;;;;;;;;
TOFLAD_clean;;Cd;Cd;150;96;;Cd;2;;;;;;;;;;;;;;962;31374;;;;;;;;;;;;;;;;
XACSIG_clean;;Mn; ;150;96;20;Mn;2;;;;;;;;;;;;;;962;;;;;;;;;;;;;;;;;
PABXAT_clean;;Pr; ;150;120;;Pr;3;;;;;;;;;;;;;;962;;;;;;;;;;;;;;;;;
QOSXOM_clean;;Zn;Zn;150;120;35.4;Zn;2;;;;;;;;;;;;;;241;;;;;;;;;;;;;;;;;
YOFGOR_clean;;Mn;Mn;150;120;;Mn;2;;;;;;;;;;;;;;12051;;;;;;;;;;;;;;;;;
DEKPEP_clean;;Ga;Ga;150;288;;Ga;3;;;;;;;;;;;;;;1049;962;;;;;;;;;;;;;;;;
PIJDIX_clean;;Zn;Zn;155;168;77.4;Zn;2;;;;;;;;;;;;;;962;887;;;;3084169;;;;;;;;;;;;
NOQKOV_clean;;Co; ;160;12;87;Co;2;;;;;;;;;;;;;;962;;;;;8471;;;;;;;;;;;;
REYJEM_clean;;In; ;160;24;;In;3;;;;;;;;;;;;;;6228;;;;;313;;;;;;;;;;;;
ANIDIL_clean;;Co; ;160;48;;Co;2;;;;;;;;;;;;;;6228;702;;;;14923;;;;;;;;;;;;
CUXFUX_clean;DISORDER;Co; ;160;48;65;Co;2;;;;;;;;;;;;;;962;;;;;971;14798;;;;;;;;;;;
EXALAR_clean;;Ni;Ni;160;48;;Ni;2;;;;;;;;;;;;;;962;;;;;;;;;;;;;;;;;
HEBNOT_clean;;Zn,U;Zn,U;160;48;;Zn;2;;U;3;;;;;;;;;;;962;;;;;;;;;;;;;;;;;
IPICOA_clean;;Zn; ;160;48;60.75;Zn;2;;;;;;;;;;;;;;962;174;;;;3084169;;;;;;;;;;;;
IPIHIA_clean;;Cd;Cd;160;48;42;Cd;2;;;;;;;;;;;;;;962;887;;;;14798;;;;;;;;;;;;
WUDJAI_clean;;Co;Co;160;48;31;Co;2;;;;;;;;;;;;;;962;;;;;;;;;;;;;;;;;
IZEBEV_clean;;Cd;Cd;160;60;;Cd;2;;;;;;;;;;;;;;962;;;;;;;;;;;;;;;;;
WUPNIF_clean;;Cu,Na,Zn;Cu,Na,Zn;160;60;;Cu;2;;Na;1;;Zn;2;;;;;;;;962;;;;;10340;;;;;;;;;;;;
IWOSAP_clean;;Ho;Ho;160;65;;Ho;3;;;;;;;;;;;;;;962;;;;;8471;;;;;;;;;;;;
ACUJOZ_manual;;Cu,Cr;Cu,Cr;160;72;38;Cu;2;;Cr;2;;;;;;;;;;;962;6228;;;;14798;;;;;;;;;;;;
AQEFOS_clean;DISORDER;Mo,Cu;Mo,Cu;160;72;;Mo;6;;Cu;1;;;;;;;;;;;962;;;;;313;1004;;;;;;;;;;;
AQEFUY_clean;;Ag;Ag;160;72;;Ag;1;;;;;;;;;;;;;;962;;;;;944;;;;;;;;;;;;
AVESAW_clean;;Cd;Cd;160;72;42;Cd;2;;;;;;;;;;;;;;962;6342;;;;;;;;;;;;;;;;
DUFXOT_clean;;Sr;Sr;160;72;72;Sr;2;;;;;;;;;;;;;;962;;;;;;;;;;;;;;;;;
ELOGUJ_clean;;W,V,Co;W,Co;160;72;42;W;6;;V;4;;Co;2;;;;;;;;962;;;;;;;;;;;;;;;;;
ESIDOB_clean;;In; ;160;72;;In;3;;;;;;;;;;;;;;962;;;;;;;;;;;;;;;;;
EXALIZ_clean;;Mo,Ni;Mo,Ni;160;72;;Mo;6;;Ni;2;;;;;;;;;;;962;;;;;;;;;;;;;;;;;
FAHQIQ_clean;;In; ;160;72;;In;3;;;;;;;;;;;;;;962;6228;;;;;;;;;;;;;;;;
FASHAK_clean;;Pr;Pr;160;72;65;Pr;3;;;;;;;;;;;;;;962;;;;;10340;;;;;;;;;;;;
FIBFUS_clean;;Ni; ;160;72;≈47;Ni;2;;;;;;;;;;;;;;962;702;;;;;;;;;;;;;;;;
FIGFOR_clean;;Zn; ;160;72;30;Zn;2;;;;;;;;;;;;;;962;;;;;1004;;;;;;;;;;;;
HABZEQ_clean;;Co;Co;160;72;46;Co;2;;;;;;;;;;;;;;962;;;;;14798;;;;;;;;;;;;
HUWLUI_clean;;Th; ;160;72;;Th;4;;;;;;;;;;;;;;6228;;;;;944;;;;;;;;;;;;
JUNBOL_clean;;Cd; ;160;72;42;Cd;2;;;;;;;;;;;;;;962;;;;;14798;;;;;;;;;;;;
KAVNIH_clean;;Co; ;160;72;62;Co;2;;;;;;;;;;;;;;1049;6228;;;;;;;;;;;;;;;;
KUJNEJ_clean;;Ni; ;160;72;65;Ni;2;;;;;;;;;;;;;;31374;887;;;;14798;;;;;;;;;;;;
LIJXEI_clean;;Cd; ;160;72;40;Cd;2;;;;;;;;;;;;;;702;;;;;14798;;;;;;;;;;;;
MUHPOV_clean;;In; ;160;72;68;In;3;;;;;;;;;;;;;;962;;;;;3084169;971;;;;;;;;;;;
MUVROM_clean;;Co;Co;160;72;;Co;2;;;;;;;;;;;;;;962;6342;;;;;;;;;;;;;;;;
NANMEW_clean;;Mg,La;Mg;160;72;63;Mg;2;;La;3;;;;;;;;;;;962;702;;;;8471;;;;;;;;;;;;
NOMKUX_clean;;Ag;Ag;160;72;47;Ag;1;;;;;;;;;;;;;;962;;;;;14798;;;;;;;;;;;;
NUNZUT_clean;DISORDER;Cu; ;160;72;;Cu;1;;;;;;;;;;;;;;962;887;;;;;;;;;;;;;;;;
ONEJUN_clean;;W,Cu;W,Cu;160;72;;W;6;;Cu;1;;;;;;;;;;;962;;;;;313;;;;;;;;;;;;
ORUHAM_clean;;Cd;Cd;160;72;63;Cd;2;;;;;;;;;;;;;;962;887;;;;;;;;;;;;;;;;
PEWKOT_clean;;Cd; ;160;72;77;Cd;2;;;;;;;;;;;;;;962;6342;;;;8471;;;;;;;;;;;;
PUPXII01_clean;;Mn;Mn;160;72;64.0;Mn;2;;;;;;;;;;;;;;962;;;;;;;;;;;;;;;;;
PURNEX_clean;;W,Cu,Si;W;160;72;65;W;6;;Cu;2;;Si;-1;;;;;;;;962;;;;;313;;;;;;;;;;;;
PURNIB_clean;;W,Co,Si,K,Cu;W,Cu,Co;160;72;57;W;2;;Co;2;;Si;-1;;K;1;;Cu;2;;962;;;;;313;;;;;;;;;;;;
REKZIR_clean;DISORDER;Cd; ;160;72;;Cd;2;;;;;;;;;;;;;;962;702;;;;14798;;;;;;;;;;;;
RIFQUT_clean;;Co;Co;160;72;;Co;2;;;;;;;;;;;;;;962;;;;;3084169;;;;;;;;;;;;
SIVWUR_clean;;Cd; ;160;72;70;Cd;2;;;;;;;;;;;;;;962;6342;;;;;;;;;;;;;;;;
TIKMEH_clean;;Cd;Cd;160;72;44;Cd;2;;;;;;;;;;;;;;962;174;;;;;;;;;;;;;;;;
TIXCIO_clean;;Cd; ;160;72;42;Cd;2;;;;;;;;;;;;;;962;887;;;;;;;;;;;;;;;;
VAKREG_charged;;Co; ;160;72;75;Co;2;;;;;;;;;;;;;;6228;;;;;;;;;;;;;;;;;
VIZQEC_clean;;Co;Co;160;72;63;Co;2;;;;;;;;;;;;;;6228;887;;;;;;;;;;;;;;;;
VOCCOH_clean;;Ni;Ni;160;72;49;Ni;2;;;;;;;;;;;;;;962;;;;;14798;;;;;;;;;;;;
VUHGAH_clean;;Co;Co;160;72;70;Co;2;;;;;;;;;;;;;;962;702;;;;14798;;;;;;;;;;;;
WODQUD_clean;;Sm;Sm;160;72;;Sm;3;;;;;;;;;;;;;;962;;;;;;;;;;;;;;;;;
XADDOX_clean;;Co;Co;160;72;;Co;2;;;;;;;;;;;;;;887;;;;;;;;;;;;;;;;;
XAXQEU_SL;;In; ;160;72;60;In;3;;;;;;;;;;;;;;962;6342;;;;;;;;;;;;;;;;
XOVVEK_clean;;Zn;Zn;160;72;81;Zn;2;;;;;;;;;;;;;;962;;;;;;;;;;;;;;;;;
XULDOZ_clean;;Co;Co;160;72;65;Co;2;;;;;;;;;;;;;;962;6342;31275;887;8028;14798;;;;;;;;;;;;
YOQYOT_clean;;Cd; ;160;72;;Cd;2;;;;;;;;;;;;;;962;;;;;8471;;;;;;;;;;;;
FEYDET_clean;;In; ;160;85;;In;3;;;;;;;;;;;;;;1049;962;;;;;;;;;;;;;;;;
AGUWUV_clean;;Ni;Ni;160;96;56;Ni;2;;;;;;;;;;;;;;962;;;;;;;;;;;;;;;;;
COVYIX_clean;;Cu;Cu;160;96;60.0;Cu;2;;;;;;;;;;;;;;962;;;;;8471;;;;;;;;;;;;
GIKMOD_clean;;Cu;Cu;160;96;39;Cu;2;;;;;;;;;;;;;;962;;;;;;;;;;;;;;;;;
ITIPAE_clean;;Zn; ;160;96;63;Zn;2;;;;;;;;;;;;;;6228;;;;;284;;;;;;;;;;;;
KAVGAQ_clean;;Co; ;160;96;66;Co;2;;;;;;;;;;;;;;962;;;;;8471;;;;;;;;;;;;
KUQWIE_clean;;Cd;Cd;160;96;35.9;Cd;2;;;;;;;;;;;;;;962;;;;;3301;;;;;;;;;;;;
NEYJIM_clean;;Mo,Cu;Mo,Cu;160;96;58;Mo;2;;Cu;1;;;;;;;;;;;962;;;;;313;;;;;;;;;;;;
NIHVUX_clean;;W,Mn,Ce;W,Mn,Ce;160;96;40;W;6;;Mn;2;;Ce;3;;;;;;;;962;;;;;;;;;;;;;;;;;
OWETIU_clean;;W,Ag;W,Ag;160;96;50;W;6;;Ag;1;;;;;;;;;;;962;;;;;14798;;;;;;;;;;;;
QATXIU_clean;;Cd; ;160;96;25;Cd;2;;;;;;;;;;;;;;6228;;;;;8471;;;;;;;;;;;;
TAHYUZ_clean;;Co;Co;160;96;20;Co;2;;;;;;;;;;;;;;962;;;;;;;;;;;;;;;;;
WUJPIC_clean;DISORDER;Na,Co; ;160;96;17;Na;1;;Co;2;;;;;;;;;;;31374;;;;;14798;;;;;;;;;;;;
DEKPUF_clean;DISORDER;Zn; ;160;120;;Zn;2;;;;;;;;;;;;;;962;;;;;3084169;;;;;;;;;;;;
EBITAL_clean;;Be; ;160;120;;Be;2;;;;;;;;;;;;;;962;;;;;3084169;;;;;;;;;;;;
ECASAD_clean;;Zn; ;160;120;;Zn;2;;;;;;;;;;;;;;962;;;;;1004;;;;;;;;;;;;
HAVZIP_clean;;Co;Co;160;120;64;Co;2;;;;;;;;;;;;;;962;702;;;;971;;;;;;;;;;;;
MIZKAI_clean;DISORDER;Cd; ;160;120;;Cd;2;;;;;;;;;;;;;;6228;;;;;8471;;;;;;;;;;;;
OFIWIK_charged;;Zn; ;160;120;;Zn;2;;;;;;;;;;;;;;962;;;;;;;;;;;;;;;;;
REKCUG_clean;;Zn; ;160;120;;Zn;2;;;;;;;;;;;;;;962;;;;;3084169;;;;;;;;;;;;
SASKIH_clean;;V;V;160;120;70;V;2;;;;;;;;;;;;;;962;;;;;3301;;;;;;;;;;;;
TANFEV_clean;;Mo,Co; ;160;120;47.3;Mo;6;;Co;2;;;;;;;;;;;962;;;;;313;1004;3301;;;;;;;;;;
TOJVIZ_clean;;Co; ;160;120;72;Co;2;;;;;;;;;;;;;;962;;;;;14798;;;;;;;;;;;;
TUGFAE_clean;;Ni; ;160;120;69;Ni;2;;;;;;;;;;;;;;962;;;;;14798;;;;;;;;;;;;
XUHVON_clean;;Zn; ;160;120;45;Zn;2;;;;;;;;;;;;;;702;;;;;;;;;;;;;;;;;
QOKCID_clean;;Zn;Zn;160;144;80;Zn;2;;;;;;;;;;;;;;962;;;;;14797;;;;;;;;;;;;
TANLAX_charged;;Tb;Tb;160;144;;Tb;3;;;;;;;;;;;;;;6228;;;;;;;;;;;;;;;;;
YORRII_clean;DISORDER;Be; ;160;144;76.8;Be;2;;;;;;;;;;;;;;1049;962;;;;3084169;;;;;;;;;;;;
ATOGEV_clean;;Zn; ;160;168;23;Zn;2;;;;;;;;;;;;;;962;;;;;3084169;;;;;;;;;;;;
GULCAS_clean;;Fe;Fe;160;168;60;Fe;2;;;;;;;;;;;;;;962;702;;;;;;;;;;;;;;;;
PIHWOU_clean;;Zn; ;160;168;72.4;Zn;2;;;;;;;;;;;;;;962;887;;;;1004;;;;;;;;;;;;
XAWBEE_clean;;In; ;160;168;57;In;3;;;;;;;;;;;;;;962;;;;;3084169;313;;;;;;;;;;;
GUGXOX_clean;;Be; ;160;216;46.7;Be;2;;;;;;;;;;;;;;962;887;;;;1004;;;;;;;;;;;;
JUKPEM_clean;DISORDER;Ni,Na,W;Ni,Na,W;160;50;45;Ni;2;;Na;1;;W;6;;;;;;;;962;;;;;;;;;;;;;;;;;
VUQKAU01_clean;;Mn;Mn;161;480;;Mn;2;;;;;;;;;;;;;;31374;;;;;;;;;;;;;;;;;
WAVREQ_clean;;Co;Co;165;70;;Co;2;;;;;;;;;;;;;;962;;;;;3301;;;;;;;;;;;;
NETYIV_clean;;Cu;Cu;165;96;37.5;Cu;1;;;;;;;;;;;;;;962;;;;;313;;;;;;;;;;;;
IXEJOL_clean;;Mo,Co;Mo,Co;165;120;45;Mo;5;;Co;2;;;;;;;;;;;1049;962;;;;1004;14798;;;;;;;;;;;
NAGCAB_clean;;Mo,Zn;Mo;165;168;;Mo;5;;Zn;2;;;;;;;;;;;962;;;;;1004;;;;;;;;;;;;
SOGWIV_charged;;Cd; ;165;168;16;Cd;2;;;;;;;;;;;;;;962;702;;;;;;;;;;;;;;;;
MUVMOG_clean;;Ga;Ga;165;360;;Ga;3;;;;;;;;;;;;;;962;;;;;3084169;971;;;;;;;;;;;
HEZNUW_clean;;Zn; ;168;96;76;Zn;2;;;;;;;;;;;;;;962;;;;;1004;;;;;;;;;;;;
GISZUF_clean;;Cd;Cd;170;24;80;Cd;2;;;;;;;;;;;;;;962;;;;;;;;;;;;;;;;;
YABWOP_clean;;V;V;170;24;85;V;4;;;;;;;;;;;;;;962;174;;;;;;;;;;;;;;;;
MITGIF_clean;;Yb;Yb;170;36;63;Yb;3;;;;;;;;;;;;;;962;;;;;;;;;;;;;;;;;
XOJWID_charged;;Zn;Zn;170;48;;Zn;2;;;;;;;;;;;;;;6228;;;;;;;;;;;;;;;;;
XOJWOJ_clean;;Zn;Zn;170;48;;Zn;2;;;;;;;;;;;;;;962;;;;;;;;;;;;;;;;;
DACXOV_clean;;Tb; ;170;72;;Tb;3;;;;;;;;;;;;;;962;;;;;313;;;;;;;;;;;;
FOXNIQ_clean;;Gd,Co;Gd;170;72;∼60;Gd;3;;Co;2;;;;;;;;;;;962;;;;;8471;;;;;;;;;;;;
GURTIX_charged;;In; ;170;72;78;In;3;;;;;;;;;;;;;;962;;;;;;;;;;;;;;;;;
GUSCIH_clean;;Gd,Ni;Ni;170;72;∼45;Gd;3;;Ni;2;;;;;;;;;;;962;;;;;14798;;;;;;;;;;;;
INIXOT_clean;;Mg;Mg;170;72;;Mg;2;;;;;;;;;;;;;;1049;962;;;;313;1004;;;;;;;;;;;
IRAYOQ_clean;;V;V;170;72;;V;5;;;;;;;;;;;;;;962;;;;;1004;;;;;;;;;;;;
MAQJEW_clean;;Ni; ;170;72;15;Ni;2;;;;;;;;;;;;;;962;;;;;;;;;;;;;;;;;
QOZWAF_clean;;W,Ni;W;170;72;;W;6;;Ni;2;;;;;;;;;;;962;;;;;;;;;;;;;;;;;
UZAFAD_clean;;Ni;Ni;170;72;81;Ni;2;;;;;;;;;;;;;;962;;;;;;;;;;;;;;;;;
UZAFIL_clean;;Ni;Ni;170;72;65;Ni;2;;;;;;;;;;;;;;962;;;;;;;;;;;;;;;;;
WIVFIS_clean;DISORDER;Ag;Ag;170;72;54;Ag;1;;;;;;;;;;;;;;962;;;;;;;;;;;;;;;;;
WOQYUW_clean;;Co; ;170;72;;Co;2;;;;;;;;;;;;;;962;;;;;971;1004;;;;;;;;;;;
AGIMOU_clean;;Mn;Mn;170;96;45;Mn;2;;;;;;;;;;;;;;962;702;;;;8471;;;;;;;;;;;;
KOQLUZ_clean;;W,Cu,Si;W,Cu;170;96;28;W;6;;Cu;2;;Si;-1;;;;;;;;962;;;;;313;;;;;;;;;;;;
QAJKAO_clean;;V;V;170;96;40;V;3;;;;;;;;;;;;;;962;;;;;3084169;;;;;;;;;;;;
QAWPIO_clean;;Ni,V;V;170;96;76;Ni;2;;V;4;;;;;;;;;;;962;;;;;176;313;;;;;;;;;;;
TAYNEN_clean;;Cd; ;170;96;45;Cd;2;;;;;;;;;;;;;;962;;;;;14798;;;;;;;;;;;;
BASSOF_clean;;Dy,Ag;Ag;170;120;76;Dy;3;;Ag;1;;;;;;;;;;;962;;;;;;;;;;;;;;;;;
DUXKEN_clean;;Ni,V;Ni,V;170;120;;Ni;2;;V;5;;;;;;;;;;;962;;;;;;;;;;;;;;;;;
ECODOQ_clean;;Ga; ;170;120;;Ga;3;;;;;;;;;;;;;;962;;;;;3084169;;;;;;;;;;;;
KIRTOW_clean;;Al;Al;170;120;;Al;3;;;;;;;;;;;;;;6228;;;;;3084169;;;;;;;;;;;;
LEQVIN_clean;;Fe; ;170;120;65;Fe;3;;;;;;;;;;;;;;962;;;;;3084169;;;;;;;;;;;;
PACZOK_clean;;V;V;170;144;;V;2;;;;;;;;;;;;;;962;;;;;1004;;;;;;;;;;;;
INIRII_clean;;Tb,Ge;Tb,Ge;170;168;41;Tb;3;;Ge;-1;;;;;;;;;;;962;;;;;;;;;;;;;;;;;
INIROO_clean;DISORDER;Dy,Ge;Dy,Ge;170;168;43;Dy;3;;Ge;-1;;;;;;;;;;;962;;;;;;;;;;;;;;;;;
MUZGAQ_clean;;Dy,Zn;Dy,Zn;170;168;30;Dy;3;;Zn;2;;;;;;;;;;;962;;;;;313;284;;;;;;;;;;;
PIGXAF_clean;;Cd; ;170;168;42;Cd;2;;;;;;;;;;;;;;6228;887;;;;;;;;;;;;;;;;
POBJIB_clean;DISORDER;Be;Be;170;168;84.2;Be;2;;;;;;;;;;;;;;962;174;;;;3084169;;;;;;;;;;;;
UFASAW_charged;;Cd; ;170;168;63;Cd;2;;;;;;;;;;;;;;962;;;;;14797;;;;;;;;;;;;
UFASEA_ion_b;;Cd;Cd;170;168;21;Cd;2;;;;;;;;;;;;;;962;;;;;14797;;;;;;;;;;;;
VAHQAY_clean;;Cu,Er;Cu;170;168;43;Cu;1;;Er;3;;;;;;;;;;;962;;;;;;;;;;;;;;;;;
BOWRAH_clean;;Fe;Fe;170;192;;Fe;3;;;;;;;;;;;;;;962;;;;;313;1004;;;;;;;;;;;
XEQGAC_clean;;V;V;170;200;;V;2;;;;;;;;;;;;;;962;;;;;;;;;;;;;;;;;
QIYBUX_clean;;Ag,Si;Ag;171;96;59;Ag;1;;Si;-1;;;;;;;;;;;962;887;;;;;;;;;;;;;;;;
QIYCOS_clean;;Ag,Si;Ag;173;72;53;Ag;1;;Si;-1;;;;;;;;;;;962;887;;;;;;;;;;;;;;;;
QIYCEI_clean;;Ag,Si;Ag;175;72;54;Ag;1;;Si;-1;;;;;;;;;;;962;887;;;;;;;;;;;;;;;;
WACKOB_clean;;Mo,Co; ;175;96;75;Mo;6;;Co;2;;;;;;;;;;;962;;;;;1004;3301;;;;;;;;;;;
IWAHIZ_clean;DISORDER;Al; ;175;144;78.2;Al;3;;;;;;;;;;;;;;962;887;;;;1004;;;;;;;;;;;;
GUVBEF_clean;;W,Ni; ;175;168;19;W;6;;Ni;2;;;;;;;;;;;962;;;;;313;;;;;;;;;;;;
QIYCIM_clean;;Ag,Si;Ag;176;72;54;Ag;1;;Si;-1;;;;;;;;;;;962;887;;;;;;;;;;;;;;;;
QIYCAE_clean;;Ag,Si;Ag;178;48;62;Ag;1;;Si;-1;;;;;;;;;;;962;887;;;;;;;;;;;;;;;;
DOKHIV_clean;;Cu;Cu;180;12;30;Cu;2;;;;;;;;;;;;;;962;702;;;;;;;;;;;;;;;;
DOKHOB_clean;;Cu;Cu;180;12;35;Cu;2;;;;;;;;;;;;;;962;702;;;;;;;;;;;;;;;;
UGOFED_clean;;Cs,Fe;Cs,Fe;180;15;;Cs;1;;Fe;3;;;;;;;;;;;6228;;;;;;;;;;;;;;;;;
AZAVOO_clean;;Mg;Mg;180;24;;Mg;2;;;;;;;;;;;;;;962;12051;702;;;;;;;;;;;;;;;
AZAVUU_clean;;Cu;Cu;180;24;;Cu;2;;;;;;;;;;;;;;962;6228;;;;;;;;;;;;;;;;
AZAWAB_clean;;Cu;Cu;180;24;;Cu;2;;;;;;;;;;;;;;962;12051;;;;;;;;;;;;;;;;
FIVQOR_clean;;Ga;Ga;180;24;;Ga;3;;;;;;;;;;;;;;962;;;;;428;1004;;;;;;;;;;;
GOXMEN_clean;;Co; ;180;24;∼40;Co;2;;;;;;;;;;;;;;962;;;;;14798;;;;;;;;;;;;
GUCJAQ_clean;;Zn; ;180;24;80;Zn;2;;;;;;;;;;;;;;962;6228;;;;1004;;;;;;;;;;;;
REYMOZ_clean;;Cu;Cu;180;24;87.6;Cu;2;;;;;;;;;;;;;;962;;;;;;;;;;;;;;;;;
RIFGAQ_clean;;Cu;Cu;180;24;;Cu;2;;;;;;;;;;;;;;962;;;;;;;;;;;;;;;;;
WECBAJ_clean;;Zn; ;180;24;;Zn;2;;;;;;;;;;;;;;962;174;;;;1004;;;;;;;;;;;;
QESRAI_clean;;Zn; ;180;28;;Zn;2;;;;;;;;;;;;;;962;;;;;313;1004;;;;;;;;;;;
PUWCOZ_clean;;Ni;Ni;180;40;27;Ni;2;;;;;;;;;;;;;;962;;;;;;;;;;;;;;;;;
HEBNIN_clean;;Zn,U;Zn,U;180;48;;Zn;2;;U;3;;;;;;;;;;;962;;;;;944;;;;;;;;;;;;
ORERAG_clean;;Be; ;180;48;;Be;2;;;;;;;;;;;;;;962;;;;;428;;;;;;;;;;;;
WUCRUH_clean;;Fe;Fe;180;48;;Fe;2;;;;;;;;;;;;;;962;;;;;14797;14798;;;;;;;;;;;
PUWCEP_charged;DISORDER;Cd; ;180;60;91;Cd;2;;;;;;;;;;;;;;962;;;;;;;;;;;;;;;;;
XIQHIO_clean;;Fe; ;180;64;;Fe;3;;;;;;;;;;;;;;962;;;;;1004;3301;;;;;;;;;;;
ASUKEE01_clean;;Cu;Cu;180;72;;Cu;1;;;;;;;;;;;;;;962;;;;;;;;;;;;;;;;;
DOKHUH_clean;;Cd;Cd;180;72;45;Cd;2;;;;;;;;;;;;;;962;702;;;;;;;;;;;;;;;;
JESDIV_clean;;Ga; ;180;72;;Ga;3;;;;;;;;;;;;;;962;;;;;3084169;;;;;;;;;;;;
KEBDIG_charged;;Co; ;180;72;50;Co;2;;;;;;;;;;;;;;962;702;;;;313;;;;;;;;;;;;
LEDCAA_clean;;Cd;Cd;180;72;79;Cd;2;;;;;;;;;;;;;;962;;;;;;;;;;;;;;;;;
LISZOE_clean;;Li,Y;Li;180;72;12;Li;1;;Y;3;;;;;;;;;;;962;702;;;;;;;;;;;;;;;;
NAGBUU_clean;;Co;Co;180;72;53;Co;2;;;;;;;;;;;;;;962;;;;;8471;;;;;;;;;;;;
NEKMUN_clean;;Co; ;180;72;∼60;Co;2;;;;;;;;;;;;;;962;;;;;;;;;;;;;;;;;
POKGEC_clean;;Ni;Ni;180;72;;Ni;2;;;;;;;;;;;;;;962;;;;;14798;;;;;;;;;;;;
REYPIW_clean;;Zn; ;180;72;45;Zn;2;;;;;;;;;;;;;;962;;;;;;;;;;;;;;;;;
SUXNIJ_clean;DISORDER;V;V;180;72;65;V;3;;;;;;;;;;;;;;962;;;;;3084169;;;;;;;;;;;;
UJEFOE01_clean;;Yb; ;180;72;29.3;Yb;3;;;;;;;;;;;;;;962;;;;;313;;;;;;;;;;;;
VOVKUO_clean;;U;U;180;72;;U;4;;;;;;;;;;;;;;962;;;;;;;;;;;;;;;;;
VOVLAV_clean;;U;U;180;72;;U;4;;;;;;;;;;;;;;962;;;;;;;;;;;;;;;;;
WEGKIE_clean;;Cu;Cu;180;72;;Cu;2;;;;;;;;;;;;;;962;;;;;;;;;;;;;;;;;
WEVQOD01_clean;;Cu,Gd;Cu;180;72;78;Cu;2;;Gd;3;;;;;;;;;;;962;;;;;;;;;;;;;;;;;
YOJMAN_clean;;W,Na,K,Co;W,Na,K,Co;180;72;35;W;6;;Na;1;;K;1;;Co;2;;;;;962;;;;;14798;;;;;;;;;;;;
AQIQAU_clean;;Cd;Cd;180;96;;Cd;2;;;;;;;;;;;;;;962;;;;;;;;;;;;;;;;;
FEJDII_clean;;Zn; ;180;96;21;Zn;2;;;;;;;;;;;;;;962;;;;;3084169;;;;;;;;;;;;
HAZGOF_clean;;Sc; ;180;96;;Sc;3;;;;;;;;;;;;;;962;;;;;;;;;;;;;;;;;
ILENOC_clean;;In;In;180;96;;In;3;;;;;;;;;;;;;;1049;962;;;;1004;;;;;;;;;;;;
TACFIN01_clean;DISORDER;Zn,Co;Zn,Co;180;96;80;Zn;2;;Co;2;;;;;;;;;;;962;;;;;;;;;;;;;;;;;
DEGPEL_charged;;Cu;Cu;180;120;25;Cu;2;;;;;;;;;;;;;;962;;;;;;;;;;;;;;;;;
GAWKAS_clean;;Cu,Sm;Cu,Sm;180;120;26;Cu;1;;Sm;3;;;;;;;;;;;962;;;;;;;;;;;;;;;;;
HIJMEU_clean;;Mo,Mn; ;180;120;75;Mo;6;;Mn;2;;;;;;;;;;;962;;;;;1004;3301;;;;;;;;;;;
OXAMIK_clean;;Co;Co;180;120;75.6;Co;2;;;;;;;;;;;;;;962;;;;;14798;;;;;;;;;;;;
TISKOW_clean;;Zn;Zn;180;120;;Zn;2;;;;;;;;;;;;;;962;;;;;;;;;;;;;;;;;
XIFLOP_clean;;Cd; ;180;120;62;Cd;2;;;;;;;;;;;;;;962;;;;;;;;;;;;;;;;;
XIFLUV_clean;DISORDER;Cd;Cd;180;120;53.6;Cd;2;;;;;;;;;;;;;;962;702;;;;14798;;;;;;;;;;;;
NOQKUB_clean;;Co; ;180;144;64;Co;2;;;;;;;;;;;;;;962;174;;;;;;;;;;;;;;;;
QOCBUH_clean;;Be; ;180;144;82.0;Be;2;;;;;;;;;;;;;;1049;962;;;;1004;;;;;;;;;;;;
VEHLAW_clean;;Zn; ;180;144;79.9;Zn;2;;;;;;;;;;;;;;1049;962;174;;;60966;;;;;;;;;;;;
VUQLEZ_charged;;Eu; ;180;144;;Eu;3;;;;;;;;;;;;;;6228;;;;;;;;;;;;;;;;;
ISUGIN_clean;;Gd; ;180;168;31;Gd;3;;;;;;;;;;;;;;962;;;;;;;;;;;;;;;;;
MALWUU_clean;;Cd; ;180;168;41;Cd;2;;;;;;;;;;;;;;962;;;;;;;;;;;;;;;;;
PETNOS_clean;;In; ;180;168;51;In;3;;;;;;;;;;;;;;962;;;;;3084169;;;;;;;;;;;;
RUYZUH_clean;;Mo,Mn;Mo;180;168;;Mo;5;;Mn;2;;;;;;;;;;;962;;;;;1004;3301;;;;;;;;;;;
SAYKIO_clean;;U;U;180;168;56;U;3;;;;;;;;;;;;;;962;;;;;;;;;;;;;;;;;
VOXVEL_clean;;Be; ;180;168;57.1;Be;2;;;;;;;;;;;;;;962;263;;;;1004;;;;;;;;;;;;
LEVBAQ_clean;;In;In;180;192;90;In;3;;;;;;;;;;;;;;962;;;;;1004;;;;;;;;;;;;
QOBPEE_clean;;Be; ;180;192;89.8;Be;2;;;;;;;;;;;;;;962;174;;;;1004;;;;;;;;;;;;
VOXVAH_clean;DISORDER;Be; ;180;216;87.4;Be;2;;;;;;;;;;;;;;702;;;;;1004;;;;;;;;;;;;
VEZQEX_clean;;In; ;180;240;70;In;3;;;;;;;;;;;;;;962;;;;;1004;;;;;;;;;;;;
VOXTUZ_clean;DISORDER;Be; ;180;240;33.9;Be;2;;;;;;;;;;;;;;887;;;;;1004;;;;;;;;;;;;
WURNOO_clean;;Cu; ;180;312;40;Cu;2;;;;;;;;;;;;;;962;;;;;;;;;;;;;;;;;
EDOYOL_clean;;Co;Co;180;336;;Co;2;;;;;;;;;;;;;;962;;;;;428;1004;;;;;;;;;;;
WONRUM02_clean;;Co;Co;190;72;;Co;2;;;;;;;;;;;;;;962;;;;;1004;3301;;;;;;;;;;;
HULTEN_clean;;Zn; ;190;96;;Zn;2;;;;;;;;;;;;;;962;;;;;1004;;;;;;;;;;;;
UCOCUM_neutral;;Cu;Cu;200;16;25;Cu;2;;;;;;;;;;;;;;962;;;;;;;;;;;;;;;;;
PENXUC_clean;;V;V;200;48;55;V;3;;;;;;;;;;;;;;962;;;;;;;;;;;;;;;;;
TOVJAP_charged;;V,Fe;V;200;48;85;V;4;;Fe;3;;;;;;;;;;;962;;;;;176;1004;3301;;;;;;;;;;
XAJZOY_clean;;Al; ;200;60;;Al;3;;;;;;;;;;;;;;962;;;;;1004;;;;;;;;;;;;
HAWREE_clean;;Mn; ;200;72;33;Mn;2;;;;;;;;;;;;;;6228;702;;;;;;;;;;;;;;;;
AXOHIE_clean;;Cd; ;200;96;39;Cd;2;;;;;;;;;;;;;;962;;;;;;;;;;;;;;;;;
TEQVAO_manual;;Mg,Zn;Mg;200;120;∼55;Mg;2;;Zn;2;;;;;;;;;;;962;;;;;;;;;;;;;;;;;
XUGWAZ_clean;;Dy; ;200;240;33;Dy;3;;;;;;;;;;;;;;962;;;;;;;;;;;;;;;;;
UTULUR_SL_part;;In; ;210;24;;In;3;;;;;;;;;;;;;;962;;;;;;;;;;;;;;;;;
UVEXAV_clean;DISORDER;Ga; ;210;24;;Ga;3;;;;;;;;;;;;;;962;;;;;;;;;;;;;;;;;
SAMXUC_clean;DISORDER;Sm; ;210;120;;Sm;3;;;;;;;;;;;;;;962;;;;;;;;;;;;;;;;;
TEQVOC_clean;DISORDER;Ba,Zn;Ba,Zn;210;120;∼60;Ba;2;;Zn;2;;;;;;;;;;;962;;;;;;;;;;;;;;;;;
MAYJOM_clean;;In; ;220;72;;In;3;;;;;;;;;;;;;;962;;;;;;;;;;;;;;;;;
PUWXAH_clean;;Mn; ;220;72;52.8;Mn;2;;;;;;;;;;;;;;962;;;;;14798;;;;;;;;;;;;
CABQEB_clean;;Co; ;255;120;85;Co;2;;;;;;;;;;;;;;962;8028;;;;;;;;;;;;;;;;
DACSEI_clean;DISORDER;Cu;Cu;80;36;44;Cu;2;;;;;;;;;;;;;;6228;6342;962;;;313;;;;;;;;;;;;
EHUTAE_clean;DISORDER;Cu;Cu;85;48;85;Cu;2;;;;;;;;;;;;;;6228;6342;;;;313;;;;;;;;;;;;
EKEMEO_clean;DISORDER;Cu;Cu;90;120;;Cu;2;;;;;;;;;;;;;;6228;6342;962;;;313;;;;;;;;;;;;
KOJZOZ_clean;DISORDER;Cu;Cu;85;20;76;Cu;2;;;;;;;;;;;;;;6228;6342;1049;;;;;;;;;;;;;;;
KUKQAK_clean;DISORDER;Cu;Cu;120;72;65;Cu;2;;;;;;;;;;;;;;962;6342;6342;;;;;;;;;;;;;;;
PEJMUO_clean;DISORDER;Cu;Cu;105;24;68;Cu;2;;;;;;;;;;;;;;962;6342;;;;944;;;;;;;;;;;;
RAHNUL_clean;DISORDER;Cu;Cu;85;18;80;Cu;2;;;;;;;;;;;;;;6228;679;962;;;313;;;;;;;;;;;;
RAHPAT_clean;DISORDER;Cu;Cu;85;18;87;Cu;2;;;;;;;;;;;;;;6228;962;;;;313;;;;;;;;;;;;
RUFZOJ_clean;DISORDER;Cu;Cu;60;72;45;Cu;2;;;;;;;;;;;;;;6228;962;887;;;;;;;;;;;;;;;
SUNLAP_clean;DISORDER;Cu;Cu;80;336;42;Cu;2;;;;;;;;;;;;;;6228;962;;;;222;;;;;;;;;;;;
ZOJWAY_clean;DISORDER;Cu;Cu;60;4;65;Cu;2;;;;;;;;;;;;;;6228;962;;;;28118;;;;;;;;;;;;
ADASEF_clean;;Cu;Cu;75;40;;Cu;2;;;;;;;;;;;;;;6228;;;;;;;;;;;;;;;;;
BEXVEH_clean;;Cu;Cu;80;48;52;Cu;2;;;;;;;;;;;;;;31374;962;;;;944;;;;;;;;;;;;
BOWNUY_clean;;Cu;Cu;85;48;;Cu;2;;;;;;;;;;;;;;6228;;;;;944;;;;;;;;;;;;
DARBUU_clean;;Cu;Cu;120;72;75;Cu;1;;;;;;;;;;;;;;8028;;;;;;;;;;;;;;;;;
DEJCIF_clean;;Cu;Cu;85;12;;Cu;2;;;;;;;;;;;;;;6228;702;;;;;;;;;;;;;;;;
EBATUZ_clean;;Cu;Cu;85;24;76;Cu;2;;;;;;;;;;;;;;6228;;;;;28118;;;;;;;;;;;;
EBAVAH_auto;;Cu;Cu;85;24;65;Cu;2;;;;;;;;;;;;;;6228;;;;;28118;;;;;;;;;;;;
EJOQUR_clean;;Cu;Cu;85;16;52;Cu;2;;;;;;;;;;;;;;6228;962;;;;;;;;;;;;;;;;
ENESOH_clean;;Cu;Cu;85;96;34;Cu;2;;;;;;;;;;;;;;962;887;;;;;;;;;;;;;;;;
EXOZIB_clean;;Cu;Cu;25;504;24;Cu;2;;;;;;;;;;;;;;962;887;;;;10942334;;;;;;;;;;;;
FECXES_clean;;Cu;Cu;100;72;62;Cu;2;;;;;;;;;;;;;;962;702;;;;944;;;;;;;;;;;;
GUJREK_clean;;Cu;Cu;140;5;72;Cu;2;;;;;;;;;;;;;;962;6342;;;;;;;;;;;;;;;;
JUTCIM_clean;;Cu;Cu;85;24;76;Cu;2;;;;;;;;;;;;;;31374;702;962;;;174;;;;;;;;;;;;
KADLOT_clean;;Cu;Cu;85;48;;Cu;2;;;;;;;;;;;;;;6228;6342;;;;;;;;;;;;;;;;
KOMFUO_clean;;Cu;Cu;25;252;55;Cu;2;;;;;;;;;;;;;;962;;;;;;;;;;;;;;;;;
LABJUV_clean;;Cu;Cu;175;72;48;Cu;1;;;;;;;;;;;;;;6342;;;;;;;;;;;;;;;;;
LEVDIB_clean;;Cu;Cu;90;48;45;Cu;2;;;;;;;;;;;;;;6228;702;962;;;313;;;;;;;;;;;;
LIKDOA_clean;;Cu;Cu;65;48;79;Cu;2;;;;;;;;;;;;;;6228;962;;;;313;;;;;;;;;;;;
MUNDAC_clean;;Cu;Cu;85;48;65;Cu;1;;;;;;;;;;;;;;6228;;;;;944;;;;;;;;;;;;
MUNDOQ_clean;;Cu;Cu;85;12;71;Cu;1;;;;;;;;;;;;;;6228;;;;;28118;;;;;;;;;;;;
OYIVIC_clean;;Cu;Cu;90;72;61;Cu;2;;;;;;;;;;;;;;6228;702;;;;;;;;;;;;;;;;
DACSAE_clean;DISORDER;Cu;Cu;80;12;44;Cu;2;;;;;;;;;;;;;;962;887;;;;313;;;;;;;;;;;;
DEJCEB_clean;;Zn;Zn;85;12;;Zn;2;;;;;;;;;;;;;;702;6228;;;;;;;;;;;;;;;;
FUTTIZ_clean;;Zn;Zn;85;16;;Zn;2;;;;;;;;;;;;;;962;6228;;;;;;;;;;;;;;;;
EHUSUX_clean;DISORDER;Cu;Cu;90;16;80;Cu;2;;;;;;;;;;;;;;962;;;;;313;;;;;;;;;;;;
APUPEH_clean;;Cu;Cu;65;24;35;Cu;2;;;;;;;;;;;;;;12051;887;949;;;;;;;;;;;;;;;
FUWQIZ_clean;DISORDER;Cu;Cu;80;24;68;Cu;2;;;;;;;;;;;;;;962;6228;;;;313;;;;;;;;;;;;
HUNCIE_clean;DISORDER;Cu;Cu;80;24;;Cu;2;;;;;;;;;;;;;;962;31374;;;;944;;;;;;;;;;;;
AJINOY_clean;;Cu;Cu;85;24;46;Cu;2;;;;;;;;;;;;;;962;;;;;14798;;;;;;;;;;;;
EBAMUS_clean;;Cu;Cu;85;24;;Cu;2;;;;;;;;;;;;;;962;6228;;;;;;;;;;;;;;;;
FATQID_clean;;Cu;Cu;85;24;;Cu;2;;;;;;;;;;;;;;6228;;;;;944;;;;;;;;;;;;
NAWXER_clean;;Zn;Zn;85;24;;Zn;2;;;;;;;;;;;;;;6228;702;;;;944;;;;;;;;;;;;
GAHWIX_clean;;Zn;Zn;95;24;83;Zn;2;;;;;;;;;;;;;;6228;;;;;;;;;;;;;;;;;
LUPYAX_clean;;Zn;Zn;100;24;;Zn;2;;;;;;;;;;;;;;6228;;;;;;;;;;;;;;;;;
OVUVIL_clean;DISORDER;Zn;Zn;110;24;;Zn;2;;;;;;;;;;;;;;6228;;;;;;;;;;;;;;;;;
CAGSAG_clean;;Zn;Zn;120;24;80;Zn;2;;;;;;;;;;;;;;6228;;;;;;;;;;;;;;;;;
QAKFIU_clean;;Zn;Zn;80;36;54;Zn;2;;;;;;;;;;;;;;962;6228;;;;944;;;;;;;;;;;;
KIJRUS_clean;;Cu;Cu;60;48;;Cu;2;;;;;;;;;;;;;;962;6228;;;;313;;;;;;;;;;;;
MOYYEF_clean;;Cu;Cu;60;48;80;Cu;2;;;;;;;;;;;;;;962;6228;702;;;;;;;;;;;;;;;
BIDPOV_clean;;Cu;Cu;65;48;;Cu;2;;;;;;;;;;;;;;6228;;;;;944;;;;;;;;;;;;
FAGREM_clean;;Zn;Zn;65;48;;Zn;2;;;;;;;;;;;;;;962;12051;702;;;;;;;;;;;;;;;
ONIXOZ_clean;;Cu;Cu;65;48;69;Cu;2;;;;;;;;;;;;;;6228;;;;;28118;;;;;;;;;;;;
WARXUL_clean;DISORDER;Cu;Cu;65;48;72;Cu;2;;;;;;;;;;;;;;962;6228;;;;944;;;;;;;;;;;;
LUSYEF_clean;;Cu;Cu;70;48;75;Cu;2;;;;;;;;;;;;;;962;6228;;;;944;;;;;;;;;;;;
PELRIJ_clean;;Cu;Cu;70;48;;Cu;2;;;;;;;;;;;;;;6228;;;;;944;;;;;;;;;;;;
VIXPUP_clean;DISORDER;Cu;Cu;75;48;∼70;Cu;2;;;;;;;;;;;;;;962;6228;702;;;944;;;;;;;;;;;;
FIHHOV_clean;DISORDER;Zn;Zn;80;48;10;Zn;2;;;;;;;;;;;;;;6228;702;;;;944;;;;;;;;;;;;
NUBPIL_clean;;Cu;Cu;80;48;67;Cu;2;;;;;;;;;;;;;;962;6228;;;;;;;;;;;;;;;;
PEZCII_clean;;La;La;80;48;63;La;3;;;;;;;;;;;;;;962;6228;887;;;;;;;;;;;;;;;
UCAJUF_clean;DISORDER;Zn;Zn;80;48;99.8;Zn;2;;;;;;;;;;;;;;962;6228;702;;;313;;;;;;;;;;;;
UXOHOG_clean;DISORDER;Cu;Cu;80;48;;Cu;2;;;;;;;;;;;;;;962;887;;;;;;;;;;;;;;;;
JAJZAY_clean;DISORDER;Zn;Zn;85;48;63;Zn;2;;;;;;;;;;;;;;6228;6342;;;;;;;;;;;;;;;;
NORPIV_clean;DISORDER;Zn;Zn;90;48;;Zn;2;;;;;;;;;;;;;;962;6228;;;;944;;;;;;;;;;;;
IGINIX_clean;;Zn;Zn;100;48;95;Zn;2;;;;;;;;;;;;;;6228;;;;;;;;;;;;;;;;;
IZEWAN_clean;;Zn;Zn;100;48;∼70;Zn;2;;;;;;;;;;;;;;962;31275;;;;;;;;;;;;;;;;
MUZHUL_charged;;Zn;Zn;110;48;78;Zn;2;;;;;;;;;;;;;;6228;;;;;;;;;;;;;;;;;
CIQQIE_clean;DISORDER;La;La;120;48;62;La;3;;;;;;;;;;;;;;6228;;;;;243;;;;;;;;;;;;
GARTUR_clean;;Zn,Ga;Zn;120;48;85;Zn;2;;Ga;3;;;;;;;;;;;962;;;;;;;;;;;;;;;;;
LAVMAY_clean;DISORDER;Zn;Zn;180;48;70;Zn;2;;;;;;;;;;;;;;962;887;;;;14923;;;;;;;;;;;;
LUMZEA_clean;;Cu;Cu;120;50;;Cu;2;;;;;;;;;;;;;;962;;;;;;;;;;;;;;;;;
HOXSIY_clean;;Zn;Zn;100;60;;Zn;2;;;;;;;;;;;;;;962;31374;;;;;;;;;;;;;;;;
GEGDED_clean;;Cu;Cu;60;72;;Cu;2;;;;;;;;;;;;;;6228;;;;;28118;;;;;;;;;;;;
ODUNEH_clean;;Zn;Zn;60;72;65;Zn;2;;;;;;;;;;;;;;6228;702;;;;;;;;;;;;;;;;
DICKEH_clean;;Cu;Cu;65;72;73;Cu;2;;;;;;;;;;;;;;962;6228;;;;28118;;;;;;;;;;;;
NIZNAN_clean;;Tb;Tb;65;72;;Tb;3;;;;;;;;;;;;;;962;6228;;;;;;;;;;;;;;;;
SITFUY_clean;DISORDER;Cu;Cu;65;72;73;Cu;2;;;;;;;;;;;;;;702;;;;;;;;;;;;;;;;;
OGOJAX_clean;DISORDER;Cu;Cu;70;72;;Cu;2;;;;;;;;;;;;;;6228;;;;;944;;;;;;;;;;;;
ODEZAB_clean;;Cu;Cu;80;72;;Cu;2;;;;;;;;;;;;;;962;6228;;;;313;;;;;;;;;;;;
PORVID_clean;;Cu;Cu;80;72;;Cu;2;;;;;;;;;;;;;;962;;;;;944;;;;;;;;;;;;
AVEQID_clean;;Zn;Zn;85;72;;Zn;2;;;;;;;;;;;;;;962;31374;;;;;;;;;;;;;;;;
MAYKOO_clean;;Cu;Cu;85;72;90;Cu;2;;;;;;;;;;;;;;962;31275;6228;;;313;;;;;;;;;;;;
HAFSOZ_clean;;Zn;Zn;95;72;;Zn;2;;;;;;;;;;;;;;962;31374;;;;;;;;;;;;;;;;
HUCSEF_clean;DISORDER;Cu;Cu;100;72;;Cu;2;;;;;;;;;;;;;;962;31374;;;;944;;;;;;;;;;;;
WIKGII_clean;DISORDER;Zn;Zn;100;72;;Zn;2;;;;;;;;;;;;;;6228;;;;;;;;;;;;;;;;;
PAQMAY_clean;DISORDER;Tb;Tb;105;72;;Tb;3;;;;;;;;;;;;;;6228;;;;;944;;;;;;;;;;;;
HOFSUS_clean;;Zn;Zn;110;72;45;Zn;2;;;;;;;;;;;;;;962;;;;;;;;;;;;;;;;;
LUZJAT_clean;;Zn;Zn;110;72;;Zn;2;;;;;;;;;;;;;;6228;;;;;944;;;;;;;;;;;;
BADXAI_clean;DISORDER;Tb;Tb;120;72;89;Tb;3;;;;;;;;;;;;;;962;6342;;;;;;;;;;;;;;;;
KUZZAI_clean;;Zn;Zn;120;72;60;Zn;2;;;;;;;;;;;;;;31374;31254;;;;28118;;;;;;;;;;;;
NIYZIG_clean;;Zn;Zn;120;72;68;Zn;2;;;;;;;;;;;;;;962;12051;702;;;;;;;;;;;;;;;
NUMPAO_clean;DISORDER;Zn;Zn;130;72;57;Zn;2;;;;;;;;;;;;;;962;;;;;;;;;;;;;;;;;
QUQHEQ_clean;DISORDER;Zn;Zn;130;72;;Zn;2;;;;;;;;;;;;;;962;887;;;;;;;;;;;;;;;;
DEMLAJ_clean;DISORDER;Cu;Cu;140;72;;Cu;1;;;;;;;;;;;;;;6342;;;;;;;;;;;;;;;;;
BOZFIH_clean;;Zn;Zn;150;72;78;Zn;2;;;;;;;;;;;;;;6228;;;;;;;;;;;;;;;;;
KIVSUF_clean;DISORDER;Cu;Cu;150;72;33;Cu;2;;;;;;;;;;;;;;962;;;;;;;;;;;;;;;;;
NIRDOI_clean;DISORDER;Zn;Zn;150;72;76.2;Zn;2;;;;;;;;;;;;;;962;;;;;;;;;;;;;;;;;
AHAMAY_clean;;Zn;Zn;160;72;38;Zn;2;;;;;;;;;;;;;;962;;;;;3301;;;;;;;;;;;;
NUCREJ_clean;;Zn;Zn;160;72;;Zn;2;;;;;;;;;;;;;;962;;;;;14798;;;;;;;;;;;;
ICIVEW_clean;DISORDER;Zn;Zn;180;72;;Zn;2;;;;;;;;;;;;;;962;;;;;8007;;;;;;;;;;;;
PEKZIP_clean;;Cu;Cu;180;72;;Cu;1;;;;;;;;;;;;;;962;;;;;;;;;;;;;;;;;
BUPDOH_clean;DISORDER;Cu;Cu;80;96;63;Cu;2;;;;;;;;;;;;;;962;6228;702;;;313;;;;;;;;;;;;
ERULEK_clean;;Zn;Zn;80;96;40;Zn;2;;;;;;;;;;;;;;6228;;;;;;;;;;;;;;;;;
GUHMIH_clean;;Cu;Cu;120;96;;Cu;2;;;;;;;;;;;;;;962;;;;;313;;;;;;;;;;;;
OREZUI_clean;DISORDER;Zn;Zn;150;96;16.8;Zn;2;;;;;;;;;;;;;;31374;887;;;;;;;;;;;;;;;;
ERIWAF_clean;;Cu;Cu;80;108;40;Cu;2;;;;;;;;;;;;;;962;6228;887;;;313;;;;;;;;;;;;
QUTDAM_clean;DISORDER;Cu;Cu;85;120;;Cu;2;;;;;;;;;;;;;;962;6228;702;;;;;;;;;;;;;;;
EXECAN_clean;DISORDER;Zn;Zn;100;120;75.6;Zn;2;;;;;;;;;;;;;;962;31374;;;;944;;;;;;;;;;;;
HUVHIR_clean;;Zn;Zn;110;120;26;Zn;2;;;;;;;;;;;;;;962;;;;;;;;;;;;;;;;;
FOJLOH_clean;;Zn;Zn;115;120;;Zn;2;;;;;;;;;;;;;;962;6228;;;;;;;;;;;;;;;;
MAZSOX_clean;DISORDER;Zn;Zn;120;120;70;Zn;2;;;;;;;;;;;;;;31374;887;;;;;;;;;;;;;;;;
LACJAC_clean;;Zn;Zn;140;120;65;Zn;2;;;;;;;;;;;;;;962;;;;;;;;;;;;;;;;;
ETAXIH_clean;;Zn;Zn;180;120;∼54;Zn;2;;;;;;;;;;;;;;962;;;;;;;;;;;;;;;;;
MIZKOW_clean;;Cu,La;Cu;170;168;39;Cu;1;;La;3;;;;;;;;;;;962;;;;;176;;;;;;;;;;;;
NOSJIQ_charged;;Dy,Cu;Cu;170;168;32.22;Dy;3;;Cu;1;;;;;;;;;;;962;;;;;313;;;;;;;;;;;;
KUDWAJ_clean;;Cu;Cu;120;336;;Cu;2;;;;;;;;;;;;;;962;;;;;;;;;;;;;;;;;
